0	f0ccdf30-dbc9-418f-89b8-5d8937a0ff98 runid=ed1de13037eb1bcfeefc20d46af38743bdac68e6 read=1967 ch=93 start_time=2020-02-10T15:48:54Z flow_cell_id=ACE547 protocol_group_id=barcode_test sample_id=barcodes_fish H+(0,10),h-(1,-1) w1 H+(0,10),h-(1,-1) w1_271.04600430921926	GCACCCGCTATCTCGTATTTGGTGCCTGAGCCGGCATAGTCGGAACAGCCTAAGCCTGCTCATTCGAGCAGAGCTAGAATCAACCTGGTGCACTCCTTGGTGATGATCAAATTTATAATGTAATCGTTGCACGCTCGTAATAATTTTCTTTATAAATAATACACTAATAATTGGAAGCTTGACAGCTGACTAATTCCCTAATGATCGGTGCTCAGATAGCTTTCCCTCGAATAAATAACATAAGCTTCTGACTTCTTCCCATCTTTCCTCTCTTTTGGCATCATCTGGTGTAGAAGCCGGGCCGGGACAGGTTGAACTGTCTATCCCTTTAGCTGGAAACCTCGCTCATGCTGGGGCATCTGTTGACCTCACTATTTTTCCCTTCATCTGGCAGAATTTCATCAATTCTTGGGGCAATTAATTTTATTACCTGGTGTTATTAACTATATAAAACCTCCCAGCAATCTCTGTATCAAGCTCCTCTTTGTTTGAGCCAGGTCTAATTACAGCTGATAAACTGTATTATCTCTTCCAGTCTTAGCAGTAAGTATCTGTACTTTAACCAGTCGTAACCTTAATACTTCTTTCTTTGATCCTGCTGGAGGAGGTGACCCCATTTTATATCAGCATCTATTCTG	%$#$$$%'=9?B;>/A036==2679843'-(**23,((-.9*8'5..0@>1@3,CDC?<D>-<73$$)%%%($((+,./,=92494-4@=>1'7-1-/*37:;7755;?4+=@=:=>=9::?;9@+,2&$)*++8;)*+&.69>DD>?AB=+15'&/6/2++)//5A=?898+.'#&))&.',,%($$$$)*,*7.1',A>6712?(25'''-(*-)%/8CE>79),1&'((*+%.003635-177-:64/''('')+2.6;<<=805*('0-1.,-/017<638-0?>84++)(530)-887'8@2++-6?32276755.(522>4$423.,,,,(.3998622;?@CA,.5;B<:8679*)+/9881;6868AD@>>4@=7?7:=A7.2/1'++15E:87=6?5@=22+220122/5778>;:579:<7%&'.&%*(/01+&'$%&$.983421674###$$443:)((%258/&>>595>@C?/1../12('&,($=)&%#&%+&$%&&#$&$#&)%-+,/(%%*?DD%C0<=C??.'%%$&(&*821:;6:>EFGA=1,0-03((((')))+61++EFFA<9D?DD9;?45.5;116=2=8.725>682323?@A?8666;/%675><565946	271.04600430921926	0.09140706389976541
243	da7e146d-c1ab-4926-a29e-aa4dda390eac runid=ed1de13037eb1bcfeefc20d46af38743bdac68e6 read=19361 ch=89 start_time=2020-02-10T18:20:01Z flow_cell_id=ACE547 protocol_group_id=barcode_test sample_id=barcodes_fish H-(3,10),H+(3,10) w1 H-(3,10),H+(3,10) w1_122.0191820420189	AGAATAGTGCGATATAAATGGTCCTCCTCCAGCAGGATCAAAGAAAGTATTAAGATTACGATCAGTTAAAAGTATTGTGATACCGGCTGCTAAGACTGGAAGAGATAATAATAGGCTTACAGCTGTGGTGAGACTGCTCAAACAGAGAGGGAGTTTGATATTGTGAGTTGCTGGAGGTTTTTATATTAATAATTGTGGTAATAAAATTAGTACCCCAAAATTGATGAAATTCTGCCAGATGAAGAGGAAAAATAGTAAGTCAGCAGTGCCCAGCATGAGCTTGGTTTCAGCTGGGGATAGACAGTTCAACCTGTCCGGCTCCGGCTTCTACGCAGATGATGCTAGGAGTAGGAAAGATGGGAGGAAGAAGTCAGAAGCTTATATTATTATTCGAGAAGCTATATCTGGAGCACCGATCGTTAGAATTAATTGTTGCCGAGCGCCAATTATTAAAAAGTGGTATTATATAAAGAAGAATTATTACGAAAGCGTGTGCTGTAACGGTACATTATAATTTGATCATCACCAAGAGTGCACCAGGTTGACTTAGCTCTGCTCGAATGAGCGGACTTAAGGCTCTTATTCCGACCTATGCGGCCTCAGGCACCAAATGCAGAAGATAAAAGTG	**+2./%%$$'&&%$&&%##)$$&')+,$=3-45*72,3/1((.00+-.%&$)$0.1,040)@9?:==C954@656/-%,(,562*3220042,4:<D?-.),9;>@503($$####&%)+%%%%%%'3.'4213(%/-59-352.8+2**&+*1271***+,'%$&#(*+/1/,),68:?=97889@C@A)AF62%2.:1--/1'362$6$-**(00'2$88986'4380,',+/15D;<:;7%44/;=<0((,3%')3;/''-')&##"%%%'**+*$##%*%,''$'14''-8,%%%*))..+.1$:;:9))7):=>.<.,&'/,+2$$58<=561%%3-%%%%%&$&*'1+*2&&&($11(2*2+0.8$$**$%%1-)))+%%('66:.*#''(6;7///86,'%,,,8<;511%&(),%1/2+%%&$#&&$$$(#'&&*1*.0%$&',(%$&&&(5.,0&$%*2;*('&')%(+*)*,$%%*(*00-&+2:;/494-.),,'0/2522/*98888531.+*461$$19+(('200.?*63777&*200.$--:54=0000$$,0%%&'#'%$+#$#$&+'))&)%%(((#%+,+)2&'&$%&)'%*&%&%&+(7;>EC4*(9/	122.0191820420189	0.14832216156845193
323	eb5a58d7-e0eb-4d18-962f-c0f94c1272b6 runid=ed1de13037eb1bcfeefc20d46af38743bdac68e6 read=28510 ch=30 start_time=2020-02-10T19:33:55Z flow_cell_id=ACE547 protocol_group_id=barcode_test sample_id=barcodes_fish H-(3,8),h+(3,-1) w1 H-(3,8),h+(3,-1) w1_101.30121476293732	AGAATAGATGCTGATAAAATAGGGTCACCTCACTCCAGCAGAGATCAAAAGAAAAGTATTGGAGTACGATCAGTTAAAAGTATTATTGTGATACCGCTGCTAAGAACTGAAGAGATAATAATAAGAACACAGCTAACAATTTAGGACTGCTCAAACAAGGAGTTTGATATTGTGAGATGTGAAAGTTTGTAATAATTGTAGTAATAAAATTAATTGCCCCAAAAATTGATGAAATTCCTGCCAGATGAAGAGGAAAAAACTAGTGAGGTCAGCAGATGCCCCAGCATGGCAGTTTCAGCTAAGGGGATGACAGTTCAGCCTGTCGCTCCAGCTACGCAGATGATGCTAAAAGGAGTAGGAAAAGATGAGGAAGAAGTCAAACTTATGTTATTCGAGGAAAGCTATGTCGAACGCAAATCATTGGGGAATTAGTCAGTTGCCGAAGCCTCCAGTGTCGTGGTATTACTATAAAAATTGTTACGAAAGCGTGTGCTGTAACGATTACATTATAAATTTGATCATCACCAAAAGTGCACCAGGTGGCACAAGCTCTGCTCGGAGTAGGCAGGCTTAGAGAAACTGTTCGACTATGCCGGCTCAGGCACCAAATGCTGAATAAAAGGTGCCAATATCATGC	*(,1././('%%+,,(/0)'&)%&.10./)5$#/40=455,'4)(>=@/%&//+($%%&('&$$4.''(,+%)')-<3',00%&)+,'%&),-.1/-.,1-1'&')(**'81).1776.5412&$'%%$#$$%,$$%.++/-,*=;?@<;9?4)'9@>'-&,'-'1.***-(,$%$#+$%$'%$'$10''&)''$$&+,#())++,5:<?B@123+444+.-'2)36<:11),+*6).0401-09(((*)$,*+19873*00(/((&14:6,9=>55+112-+-/.((#%%,%&/4.443/+(-54(()(+,0+.0-&*)*'&-(**)($$)/+&%.,,;57933639D:'+'(.1-*+-8+%'+%$#%%/7((/-*-))'#$$6*(544835+*.&*41,1)+$$+-%$$#"$&&&)0##$%()(18)984/7*8*-,*-'&-$$$##1%)2%$#&*+.80))/759:??-(%()%#%$#'(('/:9./3&%&%/1(())),*%,,/879()*-)(#1.2/.*,22-*'&0&&$$&&-*--'$$%,+(+-21-(,3&&$%'('(''&.11/),#&)((,.-:-,+1043----$69+0)-644+/420%%$$&&74::/()(-'$$.,+-')#&&&	101.30121476293732	0.1584118103806877
35	adee2488-452b-4171-afe1-645f831e61b7 runid=ed1de13037eb1bcfeefc20d46af38743bdac68e6 read=21735 ch=106 start_time=2020-02-10T18:36:51Z flow_cell_id=ACE547 protocol_group_id=barcode_test sample_id=barcodes_fish H+(0,10),h-(1,-1) w1 H+(0,10),h-(1,-1) w1_185.9388357779547	GCACCCTTTATCTCGTATTTGGTGCCTGAGCCGGCATAGTCCGGAACAGCCCTAAGCCTGCTCATTCGAGCAGGCTAAGTCAACCTGGTGCACTCCTTGGTGATGATCAAATTTATAATGTAATCGTTACCTTTGCGCTTTCGTGACAATTTTCTTCATAGTAATACCACTAATAATTGGAGAGCTTCGGCAACTGACTAAATTCCCCTATTGATCTGTTGTCAGATATAGCTTTCCCTCGAATAAGTAACACCAGCTTCTGACTTTTAACTTCCCCATCTTTCCTACTCTTTTAGCATCATCTGGTGTAGAAGCCAGGCCGGGACAGGTTGAACTGTCTATCCCCTTTAGCTGGAAACCTCGCTCATTGCTGGGGCATCTGTTGACCTCCATATTTTTTCCCTTCATCTGTGGGAATTTCAGCAATTCTTGGGGCAATTAATTTTGTACCACAATTATTAACATGGAAATATCCAGCAATCTCACAATATCAAACTCCCCTCTTTGTTTGAGCAGTCCTAATTACAGCTGTGCTTCCTGTTATTATCTCTTCCAGTCCTTAGCAGCCGGCATACAATACTTTTAACTGATCGTAATCTTATGCACTTCTTTCTTTGATCCTGCTGGAGAGTGACCCCATTTATATCAGCATCTATTCTGGTT	($%&)'(+0-0()3.8)),809:>>1=<;70/)*),,,(**7+7+(.0/<=>65.'8858-0B::0,&*(&&&*4/01+&=>8?@;2-/$)&&84844,*53//388.;77360969696;>:8@1;@-++)*$$215<H6/%'')$/:/AA::82'+'''4.#$%%%,74>9=?)),62-.&)$01.*%-/(&&('6662)<@6<62+4,20+(3$$#(#'*)).*)(315@A<322-.%%/,-+)**$$&$$.%&&/'&%%##&(',,%&-%.462454<:.2/$&',$'$)+558<@;CE;:3=42)()'+)+$('++(4/)*-+.=,.-.''*<:78..:/&+2-,)),%%.2,.)./&)+%%%'1..,+)40.064%)0))576+)+3513254464A;A=;695)%$,1375<36()(/9/BC@?++4+4<86951/3-,$/+/..35425>:=;+)'$$%&*%#$%$42&3?7??+6-1501''.,-(%(7:@+-)),1+30&+)(&''%%.'0,,.,*.(-1)%$225%00&9&1368),3/A8*4,-%%'%(+&%'%*(%$&&&%'*''('*,*)42071/04///1(&%./$$#)++667:?BJH22289J-@<HE@;*%)),-::@E2=@?76653$+,/4:707=854(*3	185.9388357779547	0.11489965170382063
359	e2aa47e0-9b6b-4680-be90-31deb7eab63e runid=ed1de13037eb1bcfeefc20d46af38743bdac68e6 read=28190 ch=121 start_time=2020-02-10T19:48:40Z flow_cell_id=ACE547 protocol_group_id=barcode_test sample_id=barcodes_fish H-(1,11),H+(2,10) w1 H-(1,11),H+(2,10) w1_90.39081087942756	AGAATAGATGCTGATATAAAAATGGGGTCACCTCTATAGCAGGATCAAAAGAAAGAAGTATTAGATGATCAGATTAAAAGTATTGTGATACCGGCTGCTAAGACTGGAAGAGATAATAATAGAAGCTTCAGCTATATTAGGACTGCTCAAGCAAAGAGGATTGATATTGTGCAGGGTGCTGGGGTTTTATGTTAATAATTGTGGTAATAAAGTGTTGCCCAGAATTGGTAAAATTCCCTGCCAGATGAAGGAGAAAAATGAGTGAGGTCAACAGATGCCCCAGCATGAGCCGAGGTTTCCAGCTAAAGGGGATAGACAGTTCAACCTGTCCAGCTCCAGCCTACGCAGATGATGCTAAAGAGAGTAGGAAAGATGGGGAAGAAAGTCAGAGCTTATGTGTTATTGAGGAAGCTATCTGGGCACCGTGGGTGGGGTGGTCGAAGTTGCCGAAGCCTCAGTGTAGTGGTATTACTATAAAAGATTATTAGCGTGTGCTGTAACGATTACATTATAATTGATCATCACCAGGAATTACGCAGGACTGACTGCTCTGCTCGAATGAGCAGGCTTGGGCTGTTCCGATATGCCGGCTCAGGCACCAAATACAGATAAAGAAGTG	35.0,/(.&%'.,.31,,1676224'16.568*3%&%-&)+.23.AD@+$*;=3%-)$$$#%#%#%#'09+*'./-532$,0031301/442'088*%&,)/,*'%'#%%&'42:0/1+)))(()&&&$%'%+$(*(*0.>5,,&$',&*%2:5%**,&#(**(''&''&%&)&148<542)&/ACA@744<5@855$$'$$&38>@AH@2(4'%(%%%$1%.**+',.'/6-$/$1$+06;<?<=>;':)*$,,2-*&&$(.&%$.,=6$',/2,+*$$#%'++)+++*$*),1+C6(.$+46731-4;:7/0//44:,0//'<>=9''+%.&((9('&%)&$$%1/6>:<9=:23/%&$'#%%++3+8.:B33*6149'.'%&0/*'-$%''555/*.#%%'$&*)&('+3+6711$$&&%&%'$*%+#$'&%#(+,$$$,'+,,.$*%*67.9'(9+/+%.((:2237<9389;3$$)&**(*%)4783.+%%'*.,,-*9B301/1-&($"$)-4=68@))5)'&%$$%&))('*&$#$&$##%*,/.5&'840:55-,(((*#%%$'')%,':&((&&-**+,(0++8-1+))(1891-*'')857>,)$#05/	90.39081087942756	0.15178399728705547
79	cd357503-dc51-4052-9f72-49cf879d0ff9 runid=ed1de13037eb1bcfeefc20d46af38743bdac68e6 read=32051 ch=43 start_time=2020-02-10T20:23:36Z flow_cell_id=ACE547 protocol_group_id=barcode_test sample_id=barcodes_fish H+(2,8),H-(1,11) w1 H+(2,8),H-(1,11) w1_163.44512976090317	GCACCATCTCGTATTTGGTGCCTGTGTCGGCATAGTCGGAACAGCCTGGCCTGCTCATTCGAGCAAACTAAATCAACCTGTTTGCTCATGGTGATGATCAAATTTATAATGTAATCGTTACAGTACACGCTCGTAATTTTCTTTATAGTAATACCATACTAATTGGAAGCCGGCAACTGACTAATTCTAATGATCAGTGCTCAGATAGCTTTCCCTCAGATAAATAACATAAACTATGACTTCTTCACATCATTTTCCTACTCCTTTTAGCATCATCTGGTGCTTGAAGCCGGAGCAGGACAGGTTGAACTGTCTCCCCTTTGGCTGGAAACCTCAGCTGTGCTGGGGCATCATGTTGACCTCACTATTTTTTTCCTTCATCTGTTAATTCATCAATTCTTAGGGCGAATTAATTTTATTACCACAGTATTAACATAAAACCTCGCAATCTCCACAATATCAAACTCCCCTGCTGTTTGAGCAGTCCCACGGTAGCTGTGCTTCTATTATCTCTTCCAGTCTTAGCAGCCGGTATCCACAATATACTGCTGATCGTAATCTTAATACTTCTTTCTTTGATCACCTGCTGGAGGAGGTGACCCATTTATATCAACATCTATTC	'%%$#%6649+<<;=:.32.--'/+74?/=91*+,--11-4//9<7'%'7989-2>:?6<+(*''%$6/0)'$2(+%&$%(.+&..0%&*(&,,,*(.9722.8:9:A73069(%.%5;%$#%'%#)'&%/*12-.36352../-)*&(*(&$#$%#'((((()/.%$#$%+-/2(5/3489761)=)0$('+*:)>D??.@65/++-=:CB=>?0:''55<7..8--,+-)##+#$*'(,0**'&$%''&%1332)2*0.2+0010.-431-5.3;;/4?<//1'()5C7:8$1((282/04;C;66500*)'$#/2$,0.%0//,,34/)*')&*./'*%#&'1B;=/);&02<28(7:/>8::2ACEDC??5=598+)4+("#(%"'&(4<.615+)($.-&##$$%1(),324*$&380&&&&6001:-'((+.+(&#&$##,.5)1),-//+..4<<76<@BFA%/-).1(4,''%''2&&5$'#$,,**0.44633/5)''-*68/8:<*E=@7'1//,'*)))&*60%%'&'(,$$"$"##"$%'.4/:@?<B8@@4--CB????375:<<*#8#$(*3//2/'+)&&*+)&/01/47@41-/0(&&/499-.8D	163.44512976090317	0.136190034148353
125	5f56becd-2c44-4aa3-b5fe-c32ced8ba57f runid=ed1de13037eb1bcfeefc20d46af38743bdac68e6 read=21722 ch=35 start_time=2020-02-10T20:23:58Z flow_cell_id=ACE547 protocol_group_id=barcode_test sample_id=barcodes_fish H+(2,9),h-(3,-1) w1 H+(2,9),h-(3,-1) w1_149.78536829842741	GCGCCTTTATCTCGTGTTGCCTGAGCCGGCATAGTCGGAACAGCCCTAAACCTGCTCATTCGAGCAGAGCTAAATCAACCTGGTGCACTCACTTGGTGATGATCAGAATTTTATAATGTAATCGTTGCAGCACACGCTTTCGTAATAATTTCTTCATAGTAATACCCACTAGTAATTGGAGGACTTCGGCAACTGACTAATTCCCCTAATGATCGGTGCTCCAGATATAAGCTTTCCCTCGAATAAATAACATAGCTTCCTGACTTCTTCCCCCATCTTTCCCTACTCCTTTTAGCATCATCTGAGGTGTAAAGCCGGAGCCAGGACAGGTTGACTTCCATCTATCCTTGCTAAAACCTCGCTCATGCTGGGGCATCTGTTGATACTATTTTTCCCTTCATCTGGCGGAATTTCATCAATTCTTGAACAATTAATTTTATTACCACAATTATTAACATAAAACCTCCAGCAATCTCTGTATCAAACTCCTCTTTGTTTGAGCAGTCTAATTACAGCCTGGTGCTTCTGTGTATCTCTTCCAGTCTTAGCAGCCGGTATCACAATACTTTTTAACTGATCGTAATCTTATTACTTCTTTTCTTTGATCCTGCTGGAGGTGACCCCCATTTATATCAGCATCTATTCACGATTCTTAG	%#$,,'.169<(<2..+'%0*132:9063.+%&+':-1,*&'&&'&'*)$//+369<7=2</.2///*/0-&&$&9-(/66/6:**%$.4%"#%*&/01$$&26+%(-&.0&'-152111179678%)'&'(%(,''-1.'()*('/))*('((&&%%*38+&%'(&%$#&%#)(&)61.()'AC?>,,+,&((.+-%,.&6080',763632;'3@0,1-5&&'%$"%$'((.3/7-/6)-07:7::=28857)>A8)4--),;?998-.45364ABE<-84.'(3++-..,*-*,*+-+5-,''/:)&'&$%''(/&+&'%1/&$%(0&+.+#$%$$$&5*6**.*))$-%'4131398DDB23.',,/7//2>BMA?=4&%(9:77868758:-A>-(8(+,%$+$8#.83*12(51;4,-'#$%&%'*(('+(,')-.%$))+((*7;<6+)),276400/(*,*)1(32/-%$1)012')59;=4?EF8;/=*-+,-,.'0$&',.'&*+'$&%%&##"'%$'*'&6883/*((%)*+))+'''-)))',4)&3%&%&%%&+,-.-&%$#$#&-#%%%556:%#%%&06/;<7:A==<;:@DA@6/00*$)*0/1:9?=1/9:2+3,(711278>9%&&&$"&#%(%&'$#	149.78536829842741	0.14844500328595936
286	2aa0db20-cb0c-4688-af4f-c53a1a7d5e42 runid=ed1de13037eb1bcfeefc20d46af38743bdac68e6 read=15727 ch=40 start_time=2020-02-10T17:42:38Z flow_cell_id=ACE547 protocol_group_id=barcode_test sample_id=barcodes_fish H-(2,10),h+(1,-1) w1 H-(2,10),h+(1,-1) w1_110.97770396030964	AGAATGAGATGCTGATAAAATAGAGTCTGCCTCCAGCAGAGATCAAAGAAAGAAGTATTAAGATTACGATCAGTTAAAGTATTGTGTGCACCGGCTGCTAGACTGGAAGGGGATAATAATAGAAACTTGGCTGTAATTAGGACTGCTCAAACAAAGAGGGGAGTTTGATATTTGTGAGATTGCTGGAGGTTTTATGTTAATAATTGGCAGTAATAAAATTAATTACTTTAAGAATTGATGAAATTCTGCCAGATGAGAGAGAAAAAATAGTGAGGTCAGCAGATGCTTGCATGAAGCAAGGTTTCCAGCTAAAGGGGGGATATAGACAGTTCAACCTGTCCGGCTCTGAAAGCTTCTATGAATGATGCTAAAAGGAGTAGGAAAAAATGGGGGAAAAGTCAGAAACATGTTTATTTATTCGAGAGCCTTATCTGGGCACCGATCATTGGGAATTAGTCAGTTGCCGAAGCCTCAATTATTAGTGGTATTACTATAAAGAAAGGGTATTACGAAAGCGTGTGCTGTAGCGCGATTACATTATAGAGATTTGATCATCACCAAGGAGTGCACCAGGTTGACTTAGCTCTGCTCGAATGAGCAGCGAGCTTGGGAGCTATTCCGACTATACCAGCTCAGGCACCAATACGAGATAAGGGTGCCAATA	*-(1$$$%066@B@@A,@8,'(&%,.+'$'''&8+'&&&$7-*=83'(61,,+%-23'(1,-123/34+7?374756.(/112--%$$"$$$$&.0/83%&4<;;434-15540>94:0&&&*2&$'#$%',*+0//04790+2#'%6?=,6CA(+').*&%,/=/1+&&&'*.6*)'%%&**48<92;;@A;,&%$&*-((&&'+)%$(.74588/81A8&&'*%&**10'+()+%$##--%13/-/%7<>=320&&*'&'):75,&&+3''(21=0(/454$$$$$$#$#%'$$&&$'04E?&9-&79?>1*4:;:8,&&#$$(157;,*'$$$$$,,-'184.(('&&$##(##$"$$(..4-,%#*8+&(.#279>7)3EE?B;<53+%13&%0.74121%((%%%.0/.//*-/4/)$$)/,,-06002'4100)53;=&&'+/+'*)*.:9?*>)*(-2&%$&((,5-$$&//0.)($,;757983/-9<--+%$+%'>1231233/5,/1,.()#$&',)'##).(6.*+.0(%%#'&%()+--27.14++72(*&%%.&&&&)(-'%'%)(**04;;@=:56>-,3)))'#$'#$#+'''&'($%'+'47&4,4//.$$:;';B4991.'''30-11*+()3231(-8722?D999	110.97770396030964	0.15750773009212074
203	2cef6876-9071-4985-bce3-e57db36c0807 runid=ed1de13037eb1bcfeefc20d46af38743bdac68e6 read=6707 ch=33 start_time=2020-02-10T18:18:49Z flow_cell_id=ACE547 protocol_group_id=barcode_test sample_id=barcodes_fish H-(2,9),h+(1,-1) w1 H-(2,9),h+(1,-1) w1_131.78465872415163	AGAATAGATGCTGATATAAAATGGGGTCACCTCCTCCCGCTGGATCAAAGAAAGAAGTATTAAGATTTTACGATCAGTTAAAAGTATTGTGATACCGGCTGGAGTGGAAGAGATAATATCAAACTTTGGCTGTAGTAGGACTGCTCAACAAAGGAGGTTGATATTGATTAGGATGCTGGAGTTTTATGTTAATAATTGTAGTAATAAATTAATTGCTTAGAATTGATGAAATTCCTGCCAGATGAGAGAAATAATTGAGGTCAGCTTAGATGCCCCAGCATGAGCGAGGTTTCCAGCTAAGGGGATAGACAGTTCAGCCTGTCGCTCCGGCTTCACGCAGATGATGCTAAAGGAGTAGGAAAGATGGGGGAAAGTCAGAAGCTTATGTTATTTATTCGAGGAAAGCTATATCTGGAGCACCGATCATTAGGAATTAGTCAGCTGCCGAAACTATCAGTGTGGATGTTATTACTATAAAAAATTATTACATGAAAGCGTGTGCTGTAACGATTACATTATAAATTTGATCATCTGGGAGCTACTGGGGTTGACTTAGCTCTGCTCAGACCAAACGAGGCTTAGAACTGTTCCGACTATAAGCTCGGGCGCCAAATACGAGATAAAGGGTGCCAATA	/+'0'''2**48)4973:=29//*0/356456-10492##(&;<8==7&(1/,*0*+1/+--*&/.30,)+2((5(.)+-956//334.7<79;99-/*()*%$/.7-7.$$303.*,)(&.2333*&323###$))'.703=B;7/19BE'*'$%&6%&#%%&*$#$%%%,'&#"(&(#'&2.))('%(&'01))++/%.02.,.5+144+/1,%%'*&&%%(*'(()23&6124;<B:??885',&(/149)(*)(01/0)&&''-2,--522/0'''&'(#%$$,/0D:04+.()0+)'7B0+,,***7,-.&$&''(-1.8<35)&$')%$#$$$%/,/4:68;98&+**-6.*2#-+,:).*()(-5)'/:,,3(*''',&%8%/./06>=;.'0*/93($0+..,6/87&7::;<91/5''*%('#%#'-3?D48AE6(0$$)$$'(%.')6&(('*%%$(/789BD?;?D5&&0*.+++'&*)+)&&(25:66525.+.,-0079.**),.)-*%3:6=::C)%7$%&)%$#'##%$()$0&21:::-453+9@>->''+$(($$#%%&**,,(*%*-.-A>24.1/3*$$#*;)<%,-%%&1A<2-,+,-68677/*+1+2687%%&	131.78465872415163	0.135695614929157
205	e29ad81f-bb87-4b16-a11f-6481869175e6 runid=ed1de13037eb1bcfeefc20d46af38743bdac68e6 read=37684 ch=8 start_time=2020-02-10T20:59:35Z flow_cell_id=ACE547 protocol_group_id=barcode_test sample_id=barcodes_fish h+(3),h-(3) w1 h+(3),h-(3) w1_131.5928615901626	ATCTCGTATTTGGTTTGCTCAGGCCGGCGCAGTCGGAACAGCCTAAGCCTGCTCATTCGAGCAGAGCTAAGTCAACCTGGAGCACTCCTTGGTGATGATCAGAATTTATAATGTAATCCGTTACAGCACGCTTTCGTAATAATTTTCTTTATAGTAGTACTTTTAATAATTACTGGAGGCTTCCTTCGACAACTGACTAATTCCCCTAATGATCAGTGCTCAGATATGCTTTCCCTCGAATAAATAACATAAGCTTCTGACTTCTTCCCCCCATCTTTCCACTCCTTTTAGCATCATCTGGTGTAGAGAGAAAGCCGGAACCAGGACAGGTTGAACTGTCATCTTGTGGCAAACCTCACATCTTCTGGGGCATCTGTTGACCTCACTATTTTCCCTTCATCATGAAATTTCATCAATTCTTAGGGCAATTAATTTTATTACCTGGTGTAACATAAAACCTCCAGCAATCTCACAATATCAAACTCCCTCTTTGTTTGAGCAGTCCCTAATTACAGCTGTGCTTCTATTATTATCTCTTCCAGTCTTAGCCCGGTATCACAGTACTTTTAACTGATCGTAATCTTAATACTTCTTTCTTTGATCCTGCTGGAGAGGTGACCCCATTTTTATATCTTATCTATTCT	)7-%6,-''().'$$#%$#%%%)),%("$$+'%2,F2?<=3A4/13*.'*/==87:,71-%(&+%/4/2(&*>9.233/(&*+**3/3.11+-/434/.1,%(%%(%(&--//0.$$$&*<?345,*)4212>83%%&%$))-367665*'%%('&$$%$&&&'(*-7./1$#$.4186007%'&'%#'*%$%*.-48<2.5-2-'*0'&)02<0'7'%%3-//**###$(,-0)*-)0:7732.1+-+*+&+CA2<43/<B>5:5&/,-*)+1&&48&2$&5-2*553(4368<38=>=<:51'&&(%$&%%(,+(0&&$')->3..99A6&&3/0-+2)**$$#'''),6:78,1##&&#"($$&'3140.:54:5DB<>25-,'')1205230+()$%#$$&(%36=>4.;6=;:5//#(()*,*)+%%%($$&#$)%%&&$4$(**&$#9>:298*%7-//A3:>8@555&---1,.+754@?*21:42,8-,,/-/,))2$/.*)+-12589%/)+1+&-%(*((*/67/333$().<@>>$&%%%$$1&(8*))$2%()-+26;55434=&&('464$$$&(***),<>;88+%*00.18$);0-)$*0266<BEB77822*2//*&$$$3=<386?:	131.5928615901626	0.14122107070933473
162	e5bc7f2d-f4c5-48d8-8c7f-a0e512995a51 runid=ed1de13037eb1bcfeefc20d46af38743bdac68e6 read=16094 ch=31 start_time=2020-02-10T17:49:54Z flow_cell_id=ACE547 protocol_group_id=barcode_test sample_id=barcodes_fish H-(3,11),h+(1,-1) w1 H-(3,11),h+(1,-1) w1_140.70445540392484	AGAATAGATGCTGATATAAAAATAGGTCACCTCACTCAGCAGGATCAAAGAAAGAAGTATTAAGATTTACAGTCAGTTAAAAGTATTGGCCGATGCCGGCTGCTGAGCTGGAAGAGATAATAATAAACACAGCTGTAATTAGGACTGTAGCAAACAAAGAGGATTGATATTGTGAGATTGCTGGAGGTTTATGTTAATTGTGGTAATAAATTAATTGCCCAAAATTGATAGAAATTCCTGCCAGATGAAGGAGAAAAATAGTGAGTCAACAGATGCCCCAGCATGAAGCGAGGTTTCAGCTAAAGGGGGGATAGACAGTTCGGCCTGTCCCGCTCAGCTACCGCACGGAATGATGCTAAAAGGAGTAGGAAAGATGGGGAAGAAGTCAGAGAAGCATGTTATTTATTCGAGGGAAAGCCTGTCTGGAGCACCGATCATTAAAATTAGTCGGTGCCGAAGCCTCAATTATTAGTGGTATTGCTATAAGAAAATTATTGCAAGCGTGTGCTGTAACGGTAGTATAAATTCGATCATCACCAAAAGAATTGCACCAGGTTGACTTAGCTCTGCTCGAATGAGCAGGCTTAGGAATATGTTCCGACTATATGGCTCAGGCACCAAATGCGAGATAAAAGGGTGCCGATA	)194001,21/484/+$*0..(%&)(,2'',*7%%)<3.,,,*52=54-$,+)&)),02*,'%'%$&##$%%28*,-01B3+$$##$%$&&***)393758+-(*(,*-8,)0((*)*++'//..&'+%$$(+0'(.)+.'(&1853/+$(-3/:@?*)(',($(*$%%%&+-&%'&&'/.12+()1=?>;77D;5,+.$&%2>C:893/6@=++.33301,%0.15'$$#(+65='0/.0211<2227305%=HB7+((*2%#78<;(+,,4))3/0/2-+*'+-0-+.-%),?,7,+&:<C.-'9>??8222+*+./224)==:9&&9$'+(7())3)))$&'''6+187BFC89154&/5&-587<'/%,533256+1+2)240.)&$+**59,(6&7;;05:;81,=84+/(+($%'478()&&-/:?7489//1-.&0$1)+/<%)=444.*1':;-8(&&(+*,(*/(,0)&'$)/0/;8'+982/4,.(%%%($--1*',())+1,)*%%#$41027%=<;1.:@31-&$0.0&%'%&%'''&(*$.)$(+11//+9=DF?DD>8402)))//0/3;;:+&&$$"#%$1-*,+'#%%"#$&49.>''76699952$$(--*8579:&-)>;=?94'--	140.70445540392484	0.12695047865533457
126	a04b9111-b1a7-4a00-ae24-469c7a26df13 runid=ed1de13037eb1bcfeefc20d46af38743bdac68e6 read=1808 ch=56 start_time=2020-02-10T15:47:06Z flow_cell_id=ACE547 protocol_group_id=barcode_test sample_id=barcodes_fish h-(3),h+(3) w1 h-(3),h+(3) w1_149.71416806919072	CAGAATAGATGCTGATATAAAATGGGGTCACCTCCTCATGGATCAAAGAAAAGAAATATTAGGGTGATCAATTAAAGTATTGTGATACCGACTGCTAAGACTGGAAGAGAATAATAATAAACACAGCTGTAATTAGGACTGCTCAAACAAGAGAGAGTTTGATATTGTGAGATTGCTGGAGGTTTATGTTAATAATTGTGGTAATAAAATTAATTGCCCCAGAATTGATGGAAATTCCTGCCAGATGAGAAAGAGGAAAAATAGTAGAGTCAACAGATGCCCAGCATCATTGGTTTCAACTAGGGATGAACAGTTCAACCTGTCCCGATAAACTGCAGATGATGCTAAAGAGGAGTAGGAAAGATGGGGGAAAAGAGATGAAGCACCTATATTGTTTATTCGAGAAGCTATATCTGGGCACCGATCATTGAGGAATTAGTCAGTTGCGAAGCCTCCAATTATTAGTGGTATTACTATAGAAAATTATTGCAGCGTGTGCTGTAACGATTACATTATAAATTTGATCATCACCAAGGAGTGCACAGGTTGGCCAGCTCTGCTCGAATAAGGCGGAAGCTTGGGCTGTTCCGACTATGCCAAACAGGCATAAATACGAGATAAAGGGTGCCAAAAT	9*&+.243;420:77?>;==46&&./.;?@>??28*0&()/:2DC@'*%28))30$))(+%''(4*))($%,225),;<=>;>&%*&$#%#'.('%+36?;7B<97)//+<>C>:;8451)%$,357>7;=85;::C?<7/31?<6089(*',#%*/0?A9?;;8:(#%(11127AFD<6B;DH<6=>FC@A99..057'.42'$500*461%%(9;655)$*&)-,+++&-3%A<6879165:9662,3-'*$)(8=59:671/$)(0589*8::;...'&*$%&)'%%((%(0,&)&101)$(4$$$-.1;50<<%''&&$''#%$#-)&&&$3''?67+'.'),5/+'&%)*=22(&663B672.,*4>,)&%%$($%*$"#&)-)&&,-)4?,9443..0-()9A.,+**..)'#&&13/8;'-0*),)5235.216&6&)00'..*89</;3(()($$((1(2<3&'4<>1+,,3D?AEG834%''(7:A=:?>E::41,,&')%$&&)-+-*))7*//9,7:<%$,=5'$)%4(%&(('%/#'$&&&((0:6)%37(%$%'%'+&&'%&'%%%%'&$'#1:3,11--'%%%%%%$%)(')%$')++-23/48146%&%*2)&%&'''&	149.71416806919072	0.1266338579258899
283	08db96e5-f545-4f28-b50b-a98284768432 runid=ed1de13037eb1bcfeefc20d46af38743bdac68e6 read=28659 ch=45 start_time=2020-02-10T19:50:18Z flow_cell_id=ACE547 protocol_group_id=barcode_test sample_id=barcodes_fish H+(2,10),h-(2,-1) w1 H+(2,10),h-(2,-1) w1_111.6628411637631	CTTTGCCTATCTGTTGGTGCTGAGCCAGCATAGTCAGACAGCCCCTAGGCCTGCTCATTCGAAGCAGAGCTAAAATCAACCTGTTGGTGCACTCCTTGGTGATGATCAGGGTATAGTGTAATCATTGCTTTTGCTTTTCGTAATAGTACTAGCACTATAAGTAATACACCTAATAGTGGAGGCTTGGCAACTGACTAATTCCTAATGATCGGTGCTCAGATAGCTTTCCCTCGAATAATAGCATAGCTTCTGTTCTTCCCCCATCTTTCCTACTCGCTTTTATATCGTTGCTTGAGCCGGAGGCAGGACAGGTTGAACTGTCTATCGCTATTTGAAACACTCGCTCAGCGTTCAGGGCATCTGTTGACACTCACTATTTTTTCCCTTCATCTGGCAGGAATTTCTGCATCAAATTCTTGGGAGCAATTAATTTTATTACCACAATTATTAACATAAAACCTCCAGCAATCTCACAATATCAAACTCCTCTTTGTTTGAGCAGTCTAATTACAGCGTAGCTGTATTATCATATCTCTTCAGTCTTAGTATTGATATCCTGTACTTTTAACTGATCATCAATCTTAACTACTTCTTTCTTTACAGTCCTGCTGGAGGTGACCCCATTTATATCAGCATC	"#%'$$#&$(('%741-2&/,(%)&(&(*'$&&('$&$'$%%%$#'%$$**-,.6;<=,4*($+**+&&(,''&%+25+9:6.$''*C00546,0-.5-:5964-*+()'&2,01&-%&'(/6'(*'$(((&)()/128,--,+)/1-%%####"&(-0($&&)%$%&($))&%$(3(-&%&&&&$001%,*-&),-,-/)+3+'*-5/<&*:00+*2650-;A=C7/.*,3((1**&'(%&*)-&&+'-(%(,69:<@A7.(675:<%.+$*&/#$8;;80(()($"$'%%'&%%()%7#&()%,0+)).(8-//6666-.F*%2#$)$#%(&)-(%$#(.)+05%$"$#%,-/53128:71&(+%%%#''))378;<=;:BB<34;777-*(&&()--13++&$$''-&%%/1/./&&(#&''$$(()(,,-,-0569*01+,9,,/.,,013/,)0.1&:0.1:1;<6;423-/.0.+40:54)&9AD/2<>71/*&&-&/+0*(*'*++'%&$##)#$($'-,-##&'+&+3)++.6;23'%%%$%$#*,&&)%##$"$%%%((*201.3'&&,)'0$&&%#$$&+22254136/*)*)..771,22+%()./3<;@B4;<2&%&,'+.<50=	111.6628411637631	0.17750357831218636
82	be2da28c-7b79-4e35-bb6f-6a60e40ce81a runid=ed1de13037eb1bcfeefc20d46af38743bdac68e6 read=1674 ch=81 start_time=2020-02-10T15:44:23Z flow_cell_id=ACE547 protocol_group_id=barcode_test sample_id=barcodes_fish H-(0,9),H+(0,11) w1 H-(0,9),H+(0,11) w1_162.45164558123474	AGGATAGATGCTGATATGAAAATGAGGTCACCTCCTCCAGCAGGATCAAAGAAAGAAGTATTAAGATTTTGATCAGTTAAAAGTATTGTGATACCAGCTGCTAAGACTGGAAGAGAGATAATAATAGAAACACAGCTGTAGTAGGACTGCTCAAACAAGAGAAGTTTGATATTGTGGGTACTGGAGGTTTTACGTTAATGGTGGTAATAAAATTGGTGCCCCAAGAATTGATGAAATTCCTGCCAGATGAAGGAAAAAATAGTGAGAATTGACAGATGCCCCAGCATGAGCAGGTTTCCAGCTAAAGGGGATAGACAGTTCAGCCTGTCGGCTCCGGCTTCTACACCAGATGATGCGCTAAAGAGTAGATGGGGGAAGAAGTCAGAAGCTTATGTTATTTATTCGAGAGAAGCTATATCTGGAGCACCGATCATTAGAGAATTAGTCGGTGCGAAGCCTCAATTATTAGTGGTATTACTATAAGAAGAATTATTATTACAGCGTGTGCTGCTAACGATTACATTATAAGGGTGATCATCACCAAGGAGTACCAGGTTGACTTGGCTCTGCTCGAATGAGCAGGCTTGGGAAAACTGTTCGACTATCGTGACTCAGGCACCAAGAAATACGAATAAAGTG	3+:=6754226;41.,%$345754)31+92:<:,23-?4(),7E@=D<8*)4.6,6*16744'&&346104323+.066D8+4?511*,/035284,/0**,,+*C@@E6=A/,%)69BFB4C=88'+&$&%%&%$&&%*$+%-.);?;=93($%:98).5%$96:+2+***-56/&)9(&)>><:'%(238>A;>/.%%$<*)&'&#%**)(*&(1+766$4'-%&+-2..*().?<,/-2/20;B:;53>0%*7GE85656=2%&&&',)$,/*543%%%/33,0.2'$$&;1LA+A999/63&.319?;;91**8+4B6&=>:*$>%6&(=:',%&=@E:.636$$3-03..$'$$/4'%#./$%%%()&&%,4,*'38?.-31033464086$&*2;B:7.'&&&')$&'*/3351%.$$('()+(;>//1%,$(,+011*';+.@6.-,0*--*++6,;=CD53A:6=6//-97;/9/%))&.1/37,//$%*((04967-:==,$/3401178/,-.00+-)$%$,(0;4888**2/-%('*2'+2*4/)+3,'(('1?>=8(%&-'%----+%%'/...&*+(('%#$&&-122-*(''$%)#1/9-5<>>7A9&$,20++$$$/*-5&/>2	162.45164558123474	0.1061688107692433
165	de75e3b3-be57-4a1e-9406-665aede6936b runid=ed1de13037eb1bcfeefc20d46af38743bdac68e6 read=13887 ch=13 start_time=2020-02-10T17:56:57Z flow_cell_id=ACE547 protocol_group_id=barcode_test sample_id=barcodes_fish H+(1,11),H-(3,11) w1 H+(1,11),H-(3,11) w1_139.64122832910664	GCGCCCCTTTATCTCGTATTTGGTGCGCGCAGGCAGCATAGTCAGGCAGCCTAAGCCTGCTCATTCGAGCAGGCTAAGTCAACCTGGTACTCATGGTATTGATCCAAATTTATAAATGTAATCGTTACAGCACGCTTTCGTAATAATTTTCTTTATAGTAATACCCACTAATGGTGGGCTTCGGCAGCGGTAATTCCCGTAGTCGGTGCTCAGATAGCTTTCCTCGAATAAATAACGCAAGCTTCTGACTTCTTCCCCATCTTCCCTGCTCATTTTTAGCATCATCTGGTGTAGAAGCCGGAGCCGGGACAGGGTTGAACTGTCTATCAACTGTGGAAACACTCGCTCATGCTGGGGCATCTGTTGACCTCACTATTTTTTCCCTTCGTCTGGCAGAATTTCATCGATTCTTGGGAGCAATTAATTTATTACCACATTATTAACGCAAACCTCCGTAATCTCACAATGTCAAACTCCCTCTTTATGGCGAGCAGTCCTATTTAGCTGACCTTTATTATATCTCTTCCAGTCTTGGCAGCCGAGTATCACAATACTTTGCTGATCGTAATCTTATGCTGTTTCTTTGATCCTGTGGAGGTGACCCCATTTATATCAGCATCTATTCA	-&',-0.*254>=0,=E?AF<:3.1-)%&''*(,%###$'*'2&(/11531132)/12:?DG66074...0(***/&%,5816<5--1%'.8*+-/3'&'$(&&54:;0=?.&&&''&,.-11,(,%-.#$$$&,24,-+*4134-5951<>?;*%%'-52--112%*(**#$%963/-/23*%$$#$$$&'2(7(/(&&$$,0,3A<:(6$&(%$&(5:;3730,,65:8,/2)&%+.2+&&))$'&..2...),/25+),)(*++'$&,#')),,*5443@239#*-@93**3338&52'569028+%%$%&(*-,/+7318.(%1##%+(*3%/2*.((9;65DG=9,'124+/9:::98=4:/34584:987FB@>=ACE6:3(256-,)(''348A.62=%##'&''&+/#'$$&#-5759?*)*$&%$$%%'*).0*.*+3/'')''-&'02675+,.10.-079:-EF@HF.995(%&%(#$%$').%%,=2&)%%$#&%###$')##%%+3>D@?D8%4')00.0($(*+,)%#/A859.02+('#$'($%&()14')*.1213&%##(#.36(9<7,-,,0.($&'#(,,(%(((%*.57688695*76;A>0283,	139.64122832910664	0.1488624580270661
41	d5ec35f0-e7ad-4393-8785-744c9906f9dd runid=ed1de13037eb1bcfeefc20d46af38743bdac68e6 read=1869 ch=85 start_time=2020-02-10T15:48:21Z flow_cell_id=ACE547 protocol_group_id=barcode_test sample_id=barcodes_fish h-(2),h+(3) w1 h-(2),h+(3) w1_180.99901507745457	GAATCAGAATAGATGCTGATATAAATGAGGTCACCTCCTCCAGCGGATCAAGAAAGAAGTATAGATTTTTACGATCAGTTAAAAGTATTGTGATACCGGCTGCTAAGACTGGAAGAGATAATGTAAGCACAGCTGTAGTGGACTGCTCAAACAAGGGGAGGTTTGATATTGTGAGATTGCTGGAGGTTTTATGTTAATAATTGTGGTAGCAAAATTAATTGCCCCAAATTGATGAAATTCCTGCCAGATGAAGGGAAAAAATAGTAGGGTCAACAGATGCTTGCTTTATGAAGCAAGGTTTCCAGCTAAAGGGGATAGACAGTTCAGCCTGTCCCGGCTCCGCTTCTACACCAGATGATGCTAAAGGTAGGAAAGATGGAAAGTCAGAAGCTTGTATTTATTTATTCGAGAAGCTATATCTGGAGCACCGATCATTGGGGGAATTAAGTCAGTTGCCGAAGCCTCAATTATTAGTGGTATTACTATAAAGAAAAATTATTACAGCGTGTGCTGTAACGATTACATTATAAATTTGATCATGCCAAGTGCACCAAGTTGACTTAGCTCCTGCTCGAATGAGCAGGCAAGGCTGTTCCATTTATGCCGGCTCAGGCACCAGAAATACAGATAAGAGG	8897?88.+&''%+)*.1730-.9>''%'')))-./*,,$81(&&1/+A=*(//+(.-$%$%&%112+*(%$+,'=12,/071)+2002)+:;C<8820/65559@;?:5.=&1+,.200/##'('&)**15:9633)10*2158=5CC5)AC=2(>:-.'%(B8-)())-,%)157;0*-5:43>>AB??;:C@757:0027.)+,2$&.35=BC;:9)0443(1)39;77$$#)54;'++345((+,*-''%%'(>F?746.2$&,:5?>+>A;<7/()+&#$%#&')0)'&'%07'F?4>@@?9>96*149*%%%'*.5-19=+7;66))4(1<8823'&0302--.((*+7752((',,0('2<,<03:'+B33-'*&')2(&24)$$$#&&&'7../79?:512.#)%%00+0;CC<;*42//*-6;@68:++)'&'%#'&%&-0$&#,$%%%&'%'(*=4++-//*%)148:823405B@EC3)55/.%014.2.*++;<=80(%0/:;300+4<0+,,/8:?7-.+'('49-)(&98.0>.,,,5+/,05(%//.**-,$'+60,4)+,,,+*())*+,&--:88?2++%%%./5,2225537%'4344;7$+0*%%&%'6456.+=;	180.99901507745457	0.10041406094553419
167	7033698f-6c8a-4740-9ffc-257d54cd6bcb runid=ed1de13037eb1bcfeefc20d46af38743bdac68e6 read=31690 ch=105 start_time=2020-02-10T19:58:23Z flow_cell_id=ACE547 protocol_group_id=barcode_test sample_id=barcodes_fish H+(1,9),h-(3,-1) w1 H+(1,9),h-(3,-1) w1_138.9058047856029	GCACCGCTTTATCGTATTTGGTGCTGAGCGGCATGATCGGAACAGCCTAAGCCTGCTCATTCAGACAGAGCTAAGTCAACCTGGTGCACTCCTTGGTGATGATCAAATTTATAATCATAATCGTTACCTTTTGCTTTCATAATAATTTTCTTCATGGCCTTTGCAATGGTGGAGAGCTGACAGCTGACTGAATTCCCTAATAGTCAGTGCTCCAGATATAGCTTTCCCTCGAATAAATAACATAACTCTGACTTCTTCCCCCCATCTTTCCTACTCACTTTTAGCGTCATCTGAGTGTAGAAGCCGGAGCAGGACAGGTTGAACTGTCTATCCCCTTTAACTGGAAACTCAACTCATGCTGGGGCATCTATTGACATATATATTTTCCTTCATCGGTTGGGAATTTTCATCAATTCTTGGGAATAATTAATTTTATTACCTAATTGTCTGACCAGCATAAAACCTCAGCAATCTCACATTATCAAACTCCCTCTTTGTTTGAGCAGTCTAATTACAGCTATTAGCCTATTATTATCTTCCAGTCTTAGCAGCCGGTATCACACAATGCTTTTAACTGATCATAATCTTAATACTTCTTTCTTTGATCCTGCTGGAGGGGTATTTATTTTATATCAGCATCTGTTCTG	0++-'*0>C</4-24(,-*(-4+(%(&&&%(-.**'%0(4(,+,)/,&*1$998246><>1.%'###$$&*,+.+0::.*+%%&7(&&%0%)%'/39666798=;-.34/33:1+'%+-,03)-1/*+**('$&(.-1%&&./:8;<:-0$&#'%$&&%&&&%$&)$$+41**&$%$)&&&&%.-,'&*$'%-.&4*)&#$&)).%%<$%6%3'),((.4.C@FB5@13;9<DCIBA>?,3+&'$$*'%%$$,+.-)(,,,+)-80=:8%*,)'(*""$&)'(.1223232/-(-((,-'&1/..',&(*%5974514C3))43639@=6&&0&%$(#%##$''%&$#%-*'/)6=98&*08)+%-+;</()*%'%$$%&(*6966-0)-'((')(#$%1+244:40&,3B2((+*$-%''$$$+')0143::91%&0,'&%%$&%*%$$'$'*$%-0CC;777+8618<.67,.$&%%%$(210604<>2,8@A;;8C2*)-**+&7-2034,+*%%&$$&$()*(&'*%$&3;*9B0@<@=>:9%'&)''$&,.'&0%##$&&$$-1432255<:9:<%2655:7972554442376/-05493395;7:>84*''-5*)*)08===82-*<034344)$3543,	138.9058047856029	0.1538950131686297
262	3bb706bc-d380-4cb7-bbc2-789d2b85d0f7 runid=ed1de13037eb1bcfeefc20d46af38743bdac68e6 read=31779 ch=7 start_time=2020-02-10T20:24:51Z flow_cell_id=ACE547 protocol_group_id=barcode_test sample_id=barcodes_fish H+(2,9),h-(2,-1) w1 H+(2,9),h-(2,-1) w1_117.31937866960254	GCACCATCTCGTATTGGTGCCTGAGCGGCATAGTCGGAACAGCCTAAGCCTGCTCATTCGGCGAGCTGAGTCATCTGGTGCACTCCTTGGTGATGATCAAATTTATAATGTAATCGTTACCTTTGCTCGCGTAATTTTTCAACATAGTAATATACTAATAATTGGAAGCTTCGACAGCATTAATTCCCTAATGATCGGTGCTCAGATATAGCTTTCCCTCGAATAAATAACATATTCTGACTTCTTCCCCCCATCTTTCCCTGTCCTTTTAGCATCATCTGGTGTAAGTTGGGTAGGACAGGTTGTCACTGTCCTATCCTTTAGCTGGAAACCTCGCTCATGCTGGCTCCTGTTGACCTCACTATTTCTACTTCATCTGGCAAGAATTTCATCAATTCTTGGAGCAATTAATTTTATTACAATTATTAACATAAAACCTCCAGCAATCTCACAATATCAGCTCCCCTCTTTGTTTGAGCAGTCCTAATTACTAGCTGTGGCACTATTATTATCTCTTCCAGTCTTGTATACAGTATCACAATACTTTTAACTGATCATGTCTTAATACTTCTTTCTTCTTTGATCCACCTTTCAGGGAGAGAGGTGAGCCCCCATTTTATATCAGCATCTATT	&$$&%%-3*4()'$&-1;3//**$0,)502.//-4)2+,$$374.))#%%%$&).()4:',%&%('&$+*5;1/;3%1C)3%%4)-)+3'+536861B9.)-3-1<D<9526.,4+4>1'(&'%##+%$"%)-*/2..*%##%(.3*++###$)78:2++()++/%%,220/(())####$22&3$1$)4'-,1-3$.;++'0&&''&$())<?;36-*).05365124/-*))#$&&)),,,()/$(,.(%)9:?F>8;5)'))08;975)3<3646<=74:*&'&#$'&./,&).0++/(0$(%$))'+'',)(&/(+,*),-.-)+2&''*7+-4600/%&((*+'/+*,%*.))*832.&+4/-#$&/202;>:3*$)$&((&.0.06=>A;@;==&+$))*/)2669>:30,-+25014/36416:696.&557(7',-;6:<,7%)))/-/++$:9<<;'/AFE53(6&*($'(1&&:*=468%$"$$%-$+$$"#"$$+9/13:;=9;@>*712+(-/).&##%'+9)/.'&+)**248650-/1//10'&%,/$%+++*&&*%%**)*-,.10(8..2'%$#$&#&',)-*$)''')$#*.**'%&%(//530)0&&10-;,698	117.31937866960254	0.1506302494462949
324	bcfd948c-efe6-4eef-81e6-601b11f6fd90 runid=ed1de13037eb1bcfeefc20d46af38743bdac68e6 read=17085 ch=51 start_time=2020-02-10T17:48:03Z flow_cell_id=ACE547 protocol_group_id=barcode_test sample_id=barcodes_fish H+(3,10),H-(1,9) w1 H+(3,10),H-(1,9) w1_100.7618858132212	CTTTCCCTTTATCTCGTGTTGGTGCCTGAGCCGGCATAGTCGGAGCAGCCTAAGCCTGCTCATTCGAGCGAAGCTAGAAGTCAACACAATTGCACTCATGGTGATGATCCAAATTTATAATGTAATCGTTACAGCACACGCTCGTAATAATTTTCTTTATGTGTACCACTAATAATTGGAAGGCTTCGGCGGCTGACTAATTCCCTAAGCGATCGGTGCTCCAGATATCTTTCCTCGAATAAATAACATAAACACGGCTCTTTTTATCTTTCCTCTCCTTTTGGCATCATCTGGTGCTTGTAGAAAGCCGGGCCAGGACAGGTTGAACTGTCTTATCCCCTTTGGCTGGAAACTCATGTACTGGGGCATCTGATGACCTCACTATTTTTCCTTCATCTGGCAGAGAATTTCATCAATTCTTGGGGCAATTAATTTTATTACAATTATTAACATAAAACATCCTTAATCTCACAATGTCAGACTCCCTCTTTGTTTGAGCGTTAATTACGGCTGTGCTTCTATTATTATCTCTTCCAGTCTTGGCAGCCGGTATCTGTGCGCTGGTCGTAATCTTATTACTTCTTTCTTTGATCTCTGGAGAGTGACCCCATTTACTCATCAGCGTATTC	$$$$%&"$**09;/=.+%5-10@520).++('(244//106(7&&..)90430%&$"""$-18;>943$$#'./),&%&$&:0**'*+)(-65&#%4$(*22,(,15&&9)04586'+/+$$')*$'-0:'234762700/69+/744648:<:7781-%$%($%$$#%(+,+-''(30*'.-%%(&+)%%&%)(%*3-')0%-%)*'%%(&*7&4<5,/*>340*)&##'.+3+/,'0--/448//)*/,%')&'$#(&).//00:7AC>/61')-1.22-):8;:;5955607,##$'%&#%%%010-06&/%48/))8-3(+&'$%&0)($(/0;96$*)))%%%&&)''&-,+).%//0*6,('+42*$#(',&&2):9669999?;/0+*).%&)'''&&034641-+=73240//+%.,))&&(%&%)&')),'+,(*-3242--.-/*'%%%%-##%%+58,6'&&%%#%4+$$%&'4/)5;@<2*/&*%*++$&&'$&$#$.((+;6++,4.++-%%'$7;==><4*-39989%)(&'()&*)(26+*($#$&,+--:,.9=<B?5+#&+//)&&(,+11/,)(/%%(+5/+#',.*664((-/,)%%$++)%%"#%'09;	100.7618858132212	0.1605660726875419
13	d25da47a-3873-4dd5-82bb-f6d05089fcdc runid=ed1de13037eb1bcfeefc20d46af38743bdac68e6 read=67 ch=68 start_time=2020-02-10T15:33:35Z flow_cell_id=ACE547 protocol_group_id=barcode_test sample_id=barcodes_fish H-(3,10),h+(0,-1) w1 H-(3,10),h+(0,-1) w1_200.2524006913726	CCAGAACCAGATGCTGATATAAAATGGGATCACCTCCTCCAGCAGGATCAAAGAAAGAAGTATTAAGATTACGATCAGTTAAAAGTATTGTGATACCGGCTGCTGAGACTGGAAGAGATAATAATAGAAGCACAGCTGTAATTAGGACTGCTCAAACAAAAGGGGAGTTTGTGTGAGATTGGAGAGTTTTATGTTAATAATTGTGGTAATAAAATTAGTACTTGGGGTGATGAAATTACCAGATGAAGGGAGAAAAAATAGTGAGGAGTCAACAGATGCCCCAGCATGAGCGAGGTTTCAGCTAAAGGGGGATAGACAGTTCAACCTGTCCGGCTCAGCTTCTACACCAGATGATGCTAAAGGAGTAGGAAAGATGGGAAGAAGTCGGAGCTTATGTTATTTATTCGAAGCTATATCTGGAGCCTCATTAGGGGGTAGTCAGTTTATAAACCTCAATTATTAATTGGTATTACTATAAAGAAAATTATTACAGCGTGTGATTACATTATAAATTTGATCATCACCAAGAGTGCACCAGGTGAAGCAGCTCTCTGCTCGACAGGCAGGCTTAAGGGCTGTTCCGACTATGAAGCTCAGGCACCAAATACAGATAAAGTTGCCA	1$42-*%*58@C@:?>:987:87=//,,$%%%$')$''*A5/./<IB?DE>)/25)-//033((5%6==?46;0(<*8*,2?;,14013-7?7;:>@:733)),75E;=>H@37/,2:AMHEG-)))*0%+,.33/01391029;G>>@96=?=3)9B@*$2.1*052;5*%(.,()))*-=8B%)7555=@?D=?1.1-.@79703:79>@>D7D?.6)&(('(''2..,../+'+#%,37D==8)40'3%1DA<I6270675//#9:AA+79;<647..+56;::74+%&'(:)K0@8.))/8-/*00>&##$$)*1'/=:'973,(&((%$$.$'%&,..**)*6//A:;===B@@:-+%$)2+01&6%((')-=;B)8+2/>%/*4??>>@>00**++/1/1+*'$&670/2=64%'&#$$%)-.+-%+(&-,53/''*0##$&+%36),8457:569$$'/0>9??77797=HB(4.J@BC//0($$%*)$&'55<@15667832+2%9<;=;E40>%#$&$*$*:322,-/+'*,**#%/0-/1&%%3/,.%&$'*/..,+122-'-((%,,>9,,10%%%$$$)-9,<4<85659<44/)$$%?;=?(*%(.//.	200.2524006913726	0.09630956077550036
146	919b17e6-7c02-42b3-b0dc-467a44da688b runid=ed1de13037eb1bcfeefc20d46af38743bdac68e6 read=27389 ch=110 start_time=2020-02-10T19:36:31Z flow_cell_id=ACE547 protocol_group_id=barcode_test sample_id=barcodes_fish H+(3,11),h-(0,-1) w1 H+(3,11),h-(0,-1) w1_143.33589333709793	GCACCCTTTACCTCGTATTTGGTGCCTGAGCCGTATGGTGGAACATATGAAATCTTCTCATCGGCAGAATTCGTCAGCCCGGCGCACTTCTCGGTGATGATCAATTTATAACGTGATCGTCACAGCACACGCTTTCGTAATAATTTTCTTTATAGTAATGCCATAATAATCAGGGTTTGGAAACGACATCATAATAATCAGCGCCCTGATATAGCCTTTCCCCGCATAAATAACGCAGGCTTCTGACTTCTCCCCCCATCCTTCCTTCTTCTTTTAGCTTCCTCCGGGAGTAGAAGCTGGGGCCGGAACGGGATGAACAGTTTACCCCCTTTGCGAGGTAATCCTCGCCCGTACCCGAGGCACTCCGTTGATCTCACTATCTTCTCCTTCACATTTTAGCAGGGGATCTCATCAATTCTTGGAGCAATTAATTTATCACTACCATCATTAATATGAAACCACCCGCAATCTCACGGTACCAAACACCACTCTTTGTCAGGCAGTTCTCATTACAGCCATGCCTGTGTCTCTCTCCCCGTTTTGGCTGCTGGAATTATGCTGGCATTGAAACCTCAGCACTTCGTTTTGAAGCCTGCCGGAGGGACCAATCCTGTACCAACACTTGTTCT	,()20(,0.*67.;55++-1),<6;8661.67+/2*+2/2)0/+'%&#$'-*974,;:<($5'&+,#&$&(/()30)10*(3019?KFIE6B%7==7571/5*'#)$((-+)&,/.5;-);*++-0/*+,*#$3477872./0*3:=?BEE0)).)//-,*+&)88691-=%)1'.310*'/+'(,,114%&3+))&&9&8,,>??.5'%$%)04638<<;=/(&'+1//:=<'&%''(#$'$$'0:;912CHC?52/&&/-74/;?>@8<881&%+.=;142%:%11"-01))%'&/,**%%'%)')$$556569200:/35)(((('#)1(#$$')'&*#$/,'(//-&+(-/%)&(,.%-71>1796+&2)1'-356<@>*(.0&+)%&&/4/*'%#$&.**877*50+;0.,4(*-$*&$(,4/54438?133+*)(.0:BH@GGD;55/10*%01+110/798=>,8%$$*0($',,&(*34*',2-.,.),$)*)*1+/155.'*%#'*15**'%&&&&'13*4)<;2;54/9:,*'+2867;8>3-+/%,*'+$$$%##$&*),,+96&/-$$0&2.20+'&$%(*+.(%'--'*0$/25:..;46601++&'&(176>;=-	143.33589333709793	0.12129297069171403
237	b58cc38f-bda3-4e29-8af8-8df7bce08e58 runid=ed1de13037eb1bcfeefc20d46af38743bdac68e6 read=13891 ch=45 start_time=2020-02-10T17:32:15Z flow_cell_id=ACE547 protocol_group_id=barcode_test sample_id=barcodes_fish H-(2,8),h+(3,-1) w1 H-(2,8),h+(3,-1) w1_123.84289540273991	AGAATAGGTGTTGGTAGAGATGAGGTCACCCCTCCAGCAGGGTCAAAGAAAGGTTGTGTTTAGGTTGCGGTCTATTGAGTAACATTGTAATGCCAGCGGCTAAAGCAGGAAGGAAAGGAGAAGAAAGAACAGCGGTAGTAAATACAGCTCAAACAAATAGTGGGTTTGAGTACCGTAGTGACTGTAAGCTTCATGTTGATGATGGTAGTAATGAAGTTGATTGCCTAAGTGAAATTCCGGCAAGGTGGAGAGAGAGAAAGAATTGTAGAGTCTACGGATGCCCAGCGTGGTATGGGATTTCCAACTAATGGGGGGGTATACGGTTCACCTGTTCACCCGGCTTTAACACCTGAAGAGGCCAGAGAAGCAGAAAGGATGGGATAAGTCAGCTCATATTATTTATTGAGAAGAGAAATCATATCGAGGGGCCCCAATTATCAATGGGATAAGTCGAATTTCCAAATATCCAATCATAATTGGTATTACATAAGAAGATTATCCTGAGAGGCGTGTGCGGTGACGATTACATTATAAATTTGGTCGTCTCCAGGAGAGCCAGGTTGACTAGCTCTGCGAATGAGCAGACTTAGGCCCGTCCCACTAATCACGCTCAGGCACCAAATACGAGAGATAGAG	53,4676*><44+32('$69440:1.<.-,*(&'72.2200+'677''''$/:I7>@3(>9*/'/)*++9:99)*,($(*/-//..&%$$&'()&&#%.)*11-$''//%)*),43**0'+3,('',(&((.$$43.)-(%$+,--%&'+(*&/926892=4''#*)$&&+#$$$'(&*%$01*/+')24573))$$&'&*-''15-+*,+'(,%858805:--'-0*&8/+/B>B%',48;,08G@1+-1'%'(&)+''+'),54#%$75>7('2;7%%2''()-+3(+*()++0&*45*1*$&'02%%,&**++1,**&&+=.3212(-7(*$##"%&$$&%,$$1::**)+'(&99977/)-+)'+,1/0&G6--(*$%'&-/4&$/2<><B?>-,-)&$&'*,&&%%$%'&#'+/.++((233-2..-80039<A@5''18<8:6&10$)$/07&644'$$$$29439311(():-C?<<4.76;)),),/5@=((,&&($'$'-/65-9-,-136794HI3589178;682::63/&212-%4'-+(('&'$$%)8&)'))10=?C<;928@***400020--%'+))$%00;-%$%%$%(%$)8+6.1*)*)0624.-(($$/0.(()&%	123.84289540273991	0.13242537999628792
322	e535c3fc-79cd-445b-bcfd-b8db2d36e8e2 runid=ed1de13037eb1bcfeefc20d46af38743bdac68e6 read=31186 ch=17 start_time=2020-02-10T20:16:23Z flow_cell_id=ACE547 protocol_group_id=barcode_test sample_id=barcodes_fish H+(1,11),H-(3,11) w1 H+(1,11),H-(3,11) w1_101.617363578696	GCACCTTTATCTCGTATTTGGTGCCTGAGCCGGCATAGTCGGAACCTTAAGTCTTCTCATCGAGATAGAACTAAGTCAGCCCGGCGCACTTCTCGGTGATGATCAATTTATAACGTGATCGTCACAGCACGCGCTTTCGTAATAGTATAACTTTATAGTAATGCCGCTAATAATCGGTTTGAAACGACTTATCATAATAATCGGCGCCCCTGATATGGCCTTTCCCCGCGCAAATAACTTGAGCTTCTGACCTCTATCCTTCATTCTTCTTCCAACTTTCTCCGGGAGTAGAAGCTGGGGCCGGAACCAGGATGAACAGTTTACCCCCTTTGTGGTAGTCGCCCGTACCAGGGCCACTCCGTTGATCTCACTATCTTCTCGCTTCATTTGGCAGGATATGTCATTCTCTTGGAGCAGTAATTTTATCACTACCATCATTAATACTGAAACCACCGCAATCTCCACAGAGCAAACACCACCCTTTGTCTGAGCAGTTCTCATTGCATTAAATACTGCTATTGCTCTCTCCCCCGTTTTAGCTGCTGGAATTATGCCTACAACAGCCGAAACCTCAACACTTGTTTTTTGACCTGCCGGAGGGGCCAATCCTGTACCAACGCGTTCTGGTTCT	.++.+#(+);<1<+3+,/247<91.$%&(%'%541**+%3(4.5*(%$&&%,,+/+-/(-7)&%$#&%&'$&'*%,-&/<;516,,-/:<A>0?)877=876:=*(%)(+0<7337<;=8-1-)'',00.*&$%*.4+)45445%2%$%$"&'&*))4682'&$$$(&%%()..('-1?3',*&&&*222+%8$*-++-+/9(.$$522&01+((((...-11..,('&'(34/07,##$$#%$%+%#(*)*()$%&&/&)%').))-&&&#%%$$%'($')6%41#1-$$**18:6**'%$&$$*%*)?CB<:7*%%-&((&&&&&#%&$%$$(''%-+)***%%%&'$2+&#&*+9+0*?<;=9810()868<9C;98'+//39;;.*''')0'#$$#'&%','$'')'(&%-.)10+0853)-;/-'*/158=0:<,)%%""%(74-.&)))*0)885)*&&&&($0243977.*889*-3647./)*+/406=)1%#&$%&&'()%#%(-'#$*+02*.?560*D<5&129,+(11:*689:$(#(&&%%#*$#)%'&&--(26:640:7$*)&&(%''((('201.2350./(4+&$$#(467=952,.24)&&&)(/2&+?GC7<	101.617363578696	0.1638375985842832
371	0491f0aa-a5b7-40d5-b17d-f26e87323863 runid=ed1de13037eb1bcfeefc20d46af38743bdac68e6 read=26422 ch=51 start_time=2020-02-10T19:09:42Z flow_cell_id=ACE547 protocol_group_id=barcode_test sample_id=barcodes_fish h-(3),h+(2) w1 h-(3),h+(2) w1_84.95099044817144	TCAAAACACATGCTGGAGACTGCTGGATCACCGCCACCGGCGACACTCAAGAGCTGGTACCGAAGTGGATATCCATCAACATCGTGGTCGCAGCCGGCCAGCTCGGCATCACCGCAATCAGCAGAACGCGGTGTTGATCAGCAGTCCACGAACAGCGGCATCTTCATCAGTAGCTGTGCCGGGCGCACGGAGTTGAGGATGGTGGCGACTGCGTTGATCCGCTGCCAGTCGAACTGATGCCCATCAGGTGAATCGCGAAGATGAAGAACGTCACGCTTTTCCGGCGCATAGGTCGTGGAGAAGCGGCGCGTAGAGGTCAAAAGCCGAAATTCGGCCACCGCCTGGCGTGAACAGGTCGATACCAACAACAGATGCCGCCGGCAACAGCTGAAACTGAAGTTATTCATGTGTGGCAGGAGGTATGTCGGGCGCCGATCATTAGGGATCATCAGTTGGCCAGGCCGACAAATGCCGGCATCCGCATAAAACACCATGATCAGGCCGTGCGCGGTGGCGTTCATCTGGTTGAAGAACGCGGGTTCCTGAATTCACCAAGCCCGGTTGAACAACTCAAGCGCGAAGATCATAAAAGCAGCGAAGGGCCGCCCAGCAAGAACATGGTGAAGGATGACCGCAGATACATCGTCTCGATATCC	00&/,-*-))((&*,,&&$"$*/0170*,$&'%(*%&,$*&)#$$##%''$%&773+,+22,+(+2/975633740A3$9/,1%#&+)'$$'(+-$'$%%$##'$$%/7;575%(3228,&**3&*+,&.**'&'8*%9+&$$$&&%')*(,/00+).+/67>;=11,$%&&$$&%.*/*/35))'&%$0$4##*,45301./&)#%$*+%&*/44/,,;$"%####$23.,..,-(&)..*22:2.-+/00+9,+)%$&1/27,(*2103:+()*3543+(+4154/++,98<762*),$#,-.647561+*'&((,%''%'3-,+/$23+-02/$*).40%%0./0,'%)(*7;<3()*+0.&14$,,&%#"$)+/0'-+-&+,--/**1,*(+)+%&74+.2()($&#%+*+*)&&'$)(*,-%'(('''(#07%%(%%+;<<@'%7'+$(#%&&$')**+0--+'''11-169&&(%&##$&$&-/54''&%%4%*')(-78-(#&$*'5),*.%)-0/1*A6331,2-)+)$(2':'9,-2$749)'*)%'.0#%'7&*&),,$%$&%&++/-*+'%-*4$"(++'%&&(45,++*%0-'&'%+(,1*0544:89511)'%.&##,56.7:<<::9855++'(.1744447	84.95099044817144	0.16285009391165564
389	8e8d09b7-b233-4afd-8dfb-645244c834fd runid=ed1de13037eb1bcfeefc20d46af38743bdac68e6 read=17468 ch=122 start_time=2020-02-10T19:27:11Z flow_cell_id=ACE547 protocol_group_id=barcode_test sample_id=barcodes_fish h+(1),h-(2) w1 h+(1),h-(2) w1_71.68156262581613	ATTGGCACCCATCTCGTATTTGGTGCGCAGGACGGCGCCAGTCGTTCAGCCCTAATATATACTCATTCAGGCAGAGAGCTAGAATCAACCTGGTACACTCCTTAGGTGATGATCGAAATTTATAATGTAATCGTTACAGCACCTGTTTCGTAATAATTTCTTTATAATAATACCACTAGTGGGGCTTCGGCAGCGAGCAAGTTCCCCTATTGATCAGTTGCTCTAGATACCAAAGCACCCTCAGATAAATAACATAAGCTTCTGACTTCTTCCCCATCTTTCTCTCCTTTTGCATCATCTGGTGTGAAGCCAGGTAGGACAGGTGAACTGTCTATCGCTGGCTGGAAACCTCATCAAATGCTCAGAGATCTATTGACCTCACTGTTTTTCCTTCATCTTGGCAGGAATTTCATCATCAATTCTTGGGCAATTAATTTTATTACCACAGTATTAACATAGTATCAGCAATCTCCACAATATCAAACTCCCCTCTTTGTTTGAGCAGTCCTAATTACAGCTGTGCTTCTATTATTATCTCTTCAGTCTTAGCCGGTATCATGCGCAACTGATCGTAATCATAATACTTCATTCTTTGATCCTGCTGGAGGTGACCCCATTTTACCTCTAATCTATT	+,/,)(((('',4/6))&%&$'',)+'''*($'%&$###&').&##%+&,+)+('%%$%$%+-=///3#$%%&&'%&+,+-,-,';0'''$%))(.,+;.-))%%%(%%-*044$'5,69(0./$)%.4336.02&,*,.-&%#"&)&*)/0-'/(56;<=9-*))$%&'',3520,(&<3%&*'''$%&&'$$%#$#'%(&239-%+%#$('*;)0'*67)1"%%'%%%(('&$""%)*(5-,65;:5//)(&%(&,22(1(.(%%97=9035++7==?*/'01-313.)'&,1(,-40002'#$$%%$&%'%$'/742581336>?7--1-'$%%'++,))&,$)$/.,($#&%'##$$%#$'$%+,74%-/,)('&4'%*%.22220,',)%%*%&*/*.6%>=&A83*$#%$##&)=-8.'+($)&&(%$1733)$'&+(()*%/&&(*'%$%%$'$%,&.070:97+,$24781,1#+)591<8$26LJA93?4*(('(344;1'#')'(*&*,+,&33400$$&$$'0/,&123$&+21(0),%$$5B4.+*-($#&&$$)+*,5%#-,,.%*1*&&/,/17?:136,+.36-23,+.*#&,331>;E:8==41.*+(&%$%(((''+	71.68156262581613	0.18720917983864163
