0	f0ccdf30-dbc9-418f-89b8-5d8937a0ff98 runid=ed1de13037eb1bcfeefc20d46af38743bdac68e6 read=1967 ch=93 start_time=2020-02-10T15:48:54Z flow_cell_id=ACE547 protocol_group_id=barcode_test sample_id=barcodes_fish H+(0,10),h-(1,-1) w1 H+(0,10),h-(1,-1) w1_271.04600430921926	GCACCCGCTATCTCGTATTTGGTGCCTGAGCCGGCATAGTCGGAACAGCCTAAGCCTGCTCATTCGAGCAGAGCTAGAATCAACCTGGTGCACTCCTTGGTGATGATCAAATTTATAATGTAATCGTTGCACGCTCGTAATAATTTTCTTTATAAATAATACACTAATAATTGGAAGCTTGACAGCTGACTAATTCCCTAATGATCGGTGCTCAGATAGCTTTCCCTCGAATAAATAACATAAGCTTCTGACTTCTTCCCATCTTTCCTCTCTTTTGGCATCATCTGGTGTAGAAGCCGGGCCGGGACAGGTTGAACTGTCTATCCCTTTAGCTGGAAACCTCGCTCATGCTGGGGCATCTGTTGACCTCACTATTTTTCCCTTCATCTGGCAGAATTTCATCAATTCTTGGGGCAATTAATTTTATTACCTGGTGTTATTAACTATATAAAACCTCCCAGCAATCTCTGTATCAAGCTCCTCTTTGTTTGAGCCAGGTCTAATTACAGCTGATAAACTGTATTATCTCTTCCAGTCTTAGCAGTAAGTATCTGTACTTTAACCAGTCGTAACCTTAATACTTCTTTCTTTGATCCTGCTGGAGGAGGTGACCCCATTTTATATCAGCATCTATTCTG	%$#$$$%'=9?B;>/A036==2679843'-(**23,((-.9*8'5..0@>1@3,CDC?<D>-<73$$)%%%($((+,./,=92494-4@=>1'7-1-/*37:;7755;?4+=@=:=>=9::?;9@+,2&$)*++8;)*+&.69>DD>?AB=+15'&/6/2++)//5A=?898+.'#&))&.',,%($$$$)*,*7.1',A>6712?(25'''-(*-)%/8CE>79),1&'((*+%.003635-177-:64/''('')+2.6;<<=805*('0-1.,-/017<638-0?>84++)(530)-887'8@2++-6?32276755.(522>4$423.,,,,(.3998622;?@CA,.5;B<:8679*)+/9881;6868AD@>>4@=7?7:=A7.2/1'++15E:87=6?5@=22+220122/5778>;:579:<7%&'.&%*(/01+&'$%&$.983421674###$$443:)((%258/&>>595>@C?/1../12('&,($=)&%#&%+&$%&&#$&$#&)%-+,/(%%*?DD%C0<=C??.'%%$&(&*821:;6:>EFGA=1,0-03((((')))+61++EFFA<9D?DD9;?45.5;116=2=8.725>682323?@A?8666;/%675><565946	271.04600430921926	0.09140706389976541
162	e5bc7f2d-f4c5-48d8-8c7f-a0e512995a51 runid=ed1de13037eb1bcfeefc20d46af38743bdac68e6 read=16094 ch=31 start_time=2020-02-10T17:49:54Z flow_cell_id=ACE547 protocol_group_id=barcode_test sample_id=barcodes_fish H-(3,11),h+(1,-1) w1 H-(3,11),h+(1,-1) w1_140.70445540392484	AGAATAGATGCTGATATAAAAATAGGTCACCTCACTCAGCAGGATCAAAGAAAGAAGTATTAAGATTTACAGTCAGTTAAAAGTATTGGCCGATGCCGGCTGCTGAGCTGGAAGAGATAATAATAAACACAGCTGTAATTAGGACTGTAGCAAACAAAGAGGATTGATATTGTGAGATTGCTGGAGGTTTATGTTAATTGTGGTAATAAATTAATTGCCCAAAATTGATAGAAATTCCTGCCAGATGAAGGAGAAAAATAGTGAGTCAACAGATGCCCCAGCATGAAGCGAGGTTTCAGCTAAAGGGGGGATAGACAGTTCGGCCTGTCCCGCTCAGCTACCGCACGGAATGATGCTAAAAGGAGTAGGAAAGATGGGGAAGAAGTCAGAGAAGCATGTTATTTATTCGAGGGAAAGCCTGTCTGGAGCACCGATCATTAAAATTAGTCGGTGCCGAAGCCTCAATTATTAGTGGTATTGCTATAAGAAAATTATTGCAAGCGTGTGCTGTAACGGTAGTATAAATTCGATCATCACCAAAAGAATTGCACCAGGTTGACTTAGCTCTGCTCGAATGAGCAGGCTTAGGAATATGTTCCGACTATATGGCTCAGGCACCAAATGCGAGATAAAAGGGTGCCGATA	)194001,21/484/+$*0..(%&)(,2'',*7%%)<3.,,,*52=54-$,+)&)),02*,'%'%$&##$%%28*,-01B3+$$##$%$&&***)393758+-(*(,*-8,)0((*)*++'//..&'+%$$(+0'(.)+.'(&1853/+$(-3/:@?*)(',($(*$%%%&+-&%'&&'/.12+()1=?>;77D;5,+.$&%2>C:893/6@=++.33301,%0.15'$$#(+65='0/.0211<2227305%=HB7+((*2%#78<;(+,,4))3/0/2-+*'+-0-+.-%),?,7,+&:<C.-'9>??8222+*+./224)==:9&&9$'+(7())3)))$&'''6+187BFC89154&/5&-587<'/%,533256+1+2)240.)&$+**59,(6&7;;05:;81,=84+/(+($%'478()&&-/:?7489//1-.&0$1)+/<%)=444.*1':;-8(&&(+*,(*/(,0)&'$)/0/;8'+982/4,.(%%%($--1*',())+1,)*%%#$41027%=<;1.:@31-&$0.0&%'%&%'''&(*$.)$(+11//+9=DF?DD>8402)))//0/3;;:+&&$$"#%$1-*,+'#%%"#$&49.>''76699952$$(--*8579:&-)>;=?94'--	140.70445540392484	0.12695047865533457
323	eb5a58d7-e0eb-4d18-962f-c0f94c1272b6 runid=ed1de13037eb1bcfeefc20d46af38743bdac68e6 read=28510 ch=30 start_time=2020-02-10T19:33:55Z flow_cell_id=ACE547 protocol_group_id=barcode_test sample_id=barcodes_fish H-(3,8),h+(3,-1) w1 H-(3,8),h+(3,-1) w1_101.30121476293732	AGAATAGATGCTGATAAAATAGGGTCACCTCACTCCAGCAGAGATCAAAAGAAAAGTATTGGAGTACGATCAGTTAAAAGTATTATTGTGATACCGCTGCTAAGAACTGAAGAGATAATAATAAGAACACAGCTAACAATTTAGGACTGCTCAAACAAGGAGTTTGATATTGTGAGATGTGAAAGTTTGTAATAATTGTAGTAATAAAATTAATTGCCCCAAAAATTGATGAAATTCCTGCCAGATGAAGAGGAAAAAACTAGTGAGGTCAGCAGATGCCCCAGCATGGCAGTTTCAGCTAAGGGGATGACAGTTCAGCCTGTCGCTCCAGCTACGCAGATGATGCTAAAAGGAGTAGGAAAAGATGAGGAAGAAGTCAAACTTATGTTATTCGAGGAAAGCTATGTCGAACGCAAATCATTGGGGAATTAGTCAGTTGCCGAAGCCTCCAGTGTCGTGGTATTACTATAAAAATTGTTACGAAAGCGTGTGCTGTAACGATTACATTATAAATTTGATCATCACCAAAAGTGCACCAGGTGGCACAAGCTCTGCTCGGAGTAGGCAGGCTTAGAGAAACTGTTCGACTATGCCGGCTCAGGCACCAAATGCTGAATAAAAGGTGCCAATATCATGC	*(,1././('%%+,,(/0)'&)%&.10./)5$#/40=455,'4)(>=@/%&//+($%%&('&$$4.''(,+%)')-<3',00%&)+,'%&),-.1/-.,1-1'&')(**'81).1776.5412&$'%%$#$$%,$$%.++/-,*=;?@<;9?4)'9@>'-&,'-'1.***-(,$%$#+$%$'%$'$10''&)''$$&+,#())++,5:<?B@123+444+.-'2)36<:11),+*6).0401-09(((*)$,*+19873*00(/((&14:6,9=>55+112-+-/.((#%%,%&/4.443/+(-54(()(+,0+.0-&*)*'&-(**)($$)/+&%.,,;57933639D:'+'(.1-*+-8+%'+%$#%%/7((/-*-))'#$$6*(544835+*.&*41,1)+$$+-%$$#"$&&&)0##$%()(18)984/7*8*-,*-'&-$$$##1%)2%$#&*+.80))/759:??-(%()%#%$#'(('/:9./3&%&%/1(())),*%,,/879()*-)(#1.2/.*,22-*'&0&&$$&&-*--'$$%,+(+-21-(,3&&$%'('(''&.11/),#&)((,.-:-,+1043----$69+0)-644+/420%%$$&&74::/()(-'$$.,+-')#&&&	101.30121476293732	0.1584118103806877
165	de75e3b3-be57-4a1e-9406-665aede6936b runid=ed1de13037eb1bcfeefc20d46af38743bdac68e6 read=13887 ch=13 start_time=2020-02-10T17:56:57Z flow_cell_id=ACE547 protocol_group_id=barcode_test sample_id=barcodes_fish H+(1,11),H-(3,11) w1 H+(1,11),H-(3,11) w1_139.64122832910664	GCGCCCCTTTATCTCGTATTTGGTGCGCGCAGGCAGCATAGTCAGGCAGCCTAAGCCTGCTCATTCGAGCAGGCTAAGTCAACCTGGTACTCATGGTATTGATCCAAATTTATAAATGTAATCGTTACAGCACGCTTTCGTAATAATTTTCTTTATAGTAATACCCACTAATGGTGGGCTTCGGCAGCGGTAATTCCCGTAGTCGGTGCTCAGATAGCTTTCCTCGAATAAATAACGCAAGCTTCTGACTTCTTCCCCATCTTCCCTGCTCATTTTTAGCATCATCTGGTGTAGAAGCCGGAGCCGGGACAGGGTTGAACTGTCTATCAACTGTGGAAACACTCGCTCATGCTGGGGCATCTGTTGACCTCACTATTTTTTCCCTTCGTCTGGCAGAATTTCATCGATTCTTGGGAGCAATTAATTTATTACCACATTATTAACGCAAACCTCCGTAATCTCACAATGTCAAACTCCCTCTTTATGGCGAGCAGTCCTATTTAGCTGACCTTTATTATATCTCTTCCAGTCTTGGCAGCCGAGTATCACAATACTTTGCTGATCGTAATCTTATGCTGTTTCTTTGATCCTGTGGAGGTGACCCCATTTATATCAGCATCTATTCA	-&',-0.*254>=0,=E?AF<:3.1-)%&''*(,%###$'*'2&(/11531132)/12:?DG66074...0(***/&%,5816<5--1%'.8*+-/3'&'$(&&54:;0=?.&&&''&,.-11,(,%-.#$$$&,24,-+*4134-5951<>?;*%%'-52--112%*(**#$%963/-/23*%$$#$$$&'2(7(/(&&$$,0,3A<:(6$&(%$&(5:;3730,,65:8,/2)&%+.2+&&))$'&..2...),/25+),)(*++'$&,#')),,*5443@239#*-@93**3338&52'569028+%%$%&(*-,/+7318.(%1##%+(*3%/2*.((9;65DG=9,'124+/9:::98=4:/34584:987FB@>=ACE6:3(256-,)(''348A.62=%##'&''&+/#'$$&#-5759?*)*$&%$$%%'*).0*.*+3/'')''-&'02675+,.10.-079:-EF@HF.995(%&%(#$%$').%%,=2&)%%$#&%###$')##%%+3>D@?D8%4')00.0($(*+,)%#/A859.02+('#$'($%&()14')*.1213&%##(#.36(9<7,-,,0.($&'#(,,(%(((%*.57688695*76;A>0283,	139.64122832910664	0.1488624580270661
13	d25da47a-3873-4dd5-82bb-f6d05089fcdc runid=ed1de13037eb1bcfeefc20d46af38743bdac68e6 read=67 ch=68 start_time=2020-02-10T15:33:35Z flow_cell_id=ACE547 protocol_group_id=barcode_test sample_id=barcodes_fish H-(3,10),h+(0,-1) w1 H-(3,10),h+(0,-1) w1_200.2524006913726	CCAGAACCAGATGCTGATATAAAATGGGATCACCTCCTCCAGCAGGATCAAAGAAAGAAGTATTAAGATTACGATCAGTTAAAAGTATTGTGATACCGGCTGCTGAGACTGGAAGAGATAATAATAGAAGCACAGCTGTAATTAGGACTGCTCAAACAAAAGGGGAGTTTGTGTGAGATTGGAGAGTTTTATGTTAATAATTGTGGTAATAAAATTAGTACTTGGGGTGATGAAATTACCAGATGAAGGGAGAAAAAATAGTGAGGAGTCAACAGATGCCCCAGCATGAGCGAGGTTTCAGCTAAAGGGGGATAGACAGTTCAACCTGTCCGGCTCAGCTTCTACACCAGATGATGCTAAAGGAGTAGGAAAGATGGGAAGAAGTCGGAGCTTATGTTATTTATTCGAAGCTATATCTGGAGCCTCATTAGGGGGTAGTCAGTTTATAAACCTCAATTATTAATTGGTATTACTATAAAGAAAATTATTACAGCGTGTGATTACATTATAAATTTGATCATCACCAAGAGTGCACCAGGTGAAGCAGCTCTCTGCTCGACAGGCAGGCTTAAGGGCTGTTCCGACTATGAAGCTCAGGCACCAAATACAGATAAAGTTGCCA	1$42-*%*58@C@:?>:987:87=//,,$%%%$')$''*A5/./<IB?DE>)/25)-//033((5%6==?46;0(<*8*,2?;,14013-7?7;:>@:733)),75E;=>H@37/,2:AMHEG-)))*0%+,.33/01391029;G>>@96=?=3)9B@*$2.1*052;5*%(.,()))*-=8B%)7555=@?D=?1.1-.@79703:79>@>D7D?.6)&(('(''2..,../+'+#%,37D==8)40'3%1DA<I6270675//#9:AA+79;<647..+56;::74+%&'(:)K0@8.))/8-/*00>&##$$)*1'/=:'973,(&((%$$.$'%&,..**)*6//A:;===B@@:-+%$)2+01&6%((')-=;B)8+2/>%/*4??>>@>00**++/1/1+*'$&670/2=64%'&#$$%)-.+-%+(&-,53/''*0##$&+%36),8457:569$$'/0>9??77797=HB(4.J@BC//0($$%*)$&'55<@15667832+2%9<;=;E40>%#$&$*$*:322,-/+'*,**#%/0-/1&%%3/,.%&$'*/..,+122-'-((%,,>9,,10%%%$$$)-9,<4<85659<44/)$$%?;=?(*%(.//.	200.2524006913726	0.09630956077550036
167	7033698f-6c8a-4740-9ffc-257d54cd6bcb runid=ed1de13037eb1bcfeefc20d46af38743bdac68e6 read=31690 ch=105 start_time=2020-02-10T19:58:23Z flow_cell_id=ACE547 protocol_group_id=barcode_test sample_id=barcodes_fish H+(1,9),h-(3,-1) w1 H+(1,9),h-(3,-1) w1_138.9058047856029	GCACCGCTTTATCGTATTTGGTGCTGAGCGGCATGATCGGAACAGCCTAAGCCTGCTCATTCAGACAGAGCTAAGTCAACCTGGTGCACTCCTTGGTGATGATCAAATTTATAATCATAATCGTTACCTTTTGCTTTCATAATAATTTTCTTCATGGCCTTTGCAATGGTGGAGAGCTGACAGCTGACTGAATTCCCTAATAGTCAGTGCTCCAGATATAGCTTTCCCTCGAATAAATAACATAACTCTGACTTCTTCCCCCCATCTTTCCTACTCACTTTTAGCGTCATCTGAGTGTAGAAGCCGGAGCAGGACAGGTTGAACTGTCTATCCCCTTTAACTGGAAACTCAACTCATGCTGGGGCATCTATTGACATATATATTTTCCTTCATCGGTTGGGAATTTTCATCAATTCTTGGGAATAATTAATTTTATTACCTAATTGTCTGACCAGCATAAAACCTCAGCAATCTCACATTATCAAACTCCCTCTTTGTTTGAGCAGTCTAATTACAGCTATTAGCCTATTATTATCTTCCAGTCTTAGCAGCCGGTATCACACAATGCTTTTAACTGATCATAATCTTAATACTTCTTTCTTTGATCCTGCTGGAGGGGTATTTATTTTATATCAGCATCTGTTCTG	0++-'*0>C</4-24(,-*(-4+(%(&&&%(-.**'%0(4(,+,)/,&*1$998246><>1.%'###$$&*,+.+0::.*+%%&7(&&%0%)%'/39666798=;-.34/33:1+'%+-,03)-1/*+**('$&(.-1%&&./:8;<:-0$&#'%$&&%&&&%$&)$$+41**&$%$)&&&&%.-,'&*$'%-.&4*)&#$&)).%%<$%6%3'),((.4.C@FB5@13;9<DCIBA>?,3+&'$$*'%%$$,+.-)(,,,+)-80=:8%*,)'(*""$&)'(.1223232/-(-((,-'&1/..',&(*%5974514C3))43639@=6&&0&%$(#%##$''%&$#%-*'/)6=98&*08)+%-+;</()*%'%$$%&(*6966-0)-'((')(#$%1+244:40&,3B2((+*$-%''$$$+')0143::91%&0,'&%%$&%*%$$'$'*$%-0CC;777+8618<.67,.$&%%%$(210604<>2,8@A;;8C2*)-**+&7-2034,+*%%&$$&$()*(&'*%$&3;*9B0@<@=>:9%'&)''$&,.'&0%##$&&$$-1432255<:9:<%2655:7972554442376/-05493395;7:>84*''-5*)*)08===82-*<034344)$3543,	138.9058047856029	0.1538950131686297
324	bcfd948c-efe6-4eef-81e6-601b11f6fd90 runid=ed1de13037eb1bcfeefc20d46af38743bdac68e6 read=17085 ch=51 start_time=2020-02-10T17:48:03Z flow_cell_id=ACE547 protocol_group_id=barcode_test sample_id=barcodes_fish H+(3,10),H-(1,9) w1 H+(3,10),H-(1,9) w1_100.7618858132212	CTTTCCCTTTATCTCGTGTTGGTGCCTGAGCCGGCATAGTCGGAGCAGCCTAAGCCTGCTCATTCGAGCGAAGCTAGAAGTCAACACAATTGCACTCATGGTGATGATCCAAATTTATAATGTAATCGTTACAGCACACGCTCGTAATAATTTTCTTTATGTGTACCACTAATAATTGGAAGGCTTCGGCGGCTGACTAATTCCCTAAGCGATCGGTGCTCCAGATATCTTTCCTCGAATAAATAACATAAACACGGCTCTTTTTATCTTTCCTCTCCTTTTGGCATCATCTGGTGCTTGTAGAAAGCCGGGCCAGGACAGGTTGAACTGTCTTATCCCCTTTGGCTGGAAACTCATGTACTGGGGCATCTGATGACCTCACTATTTTTCCTTCATCTGGCAGAGAATTTCATCAATTCTTGGGGCAATTAATTTTATTACAATTATTAACATAAAACATCCTTAATCTCACAATGTCAGACTCCCTCTTTGTTTGAGCGTTAATTACGGCTGTGCTTCTATTATTATCTCTTCCAGTCTTGGCAGCCGGTATCTGTGCGCTGGTCGTAATCTTATTACTTCTTTCTTTGATCTCTGGAGAGTGACCCCATTTACTCATCAGCGTATTC	$$$$%&"$**09;/=.+%5-10@520).++('(244//106(7&&..)90430%&$"""$-18;>943$$#'./),&%&$&:0**'*+)(-65&#%4$(*22,(,15&&9)04586'+/+$$')*$'-0:'234762700/69+/744648:<:7781-%$%($%$$#%(+,+-''(30*'.-%%(&+)%%&%)(%*3-')0%-%)*'%%(&*7&4<5,/*>340*)&##'.+3+/,'0--/448//)*/,%')&'$#(&).//00:7AC>/61')-1.22-):8;:;5955607,##$'%&#%%%010-06&/%48/))8-3(+&'$%&0)($(/0;96$*)))%%%&&)''&-,+).%//0*6,('+42*$#(',&&2):9669999?;/0+*).%&)'''&&034641-+=73240//+%.,))&&(%&%)&')),'+,(*-3242--.-/*'%%%%-##%%+58,6'&&%%#%4+$$%&'4/)5;@<2*/&*%*++$&&'$&$#$.((+;6++,4.++-%%'$7;==><4*-39989%)(&'()&*)(26+*($#$&,+--:,.9=<B?5+#&+//)&&(,+11/,)(/%%(+5/+#',.*664((-/,)%%$++)%%"#%'09;	100.7618858132212	0.1605660726875419
146	919b17e6-7c02-42b3-b0dc-467a44da688b runid=ed1de13037eb1bcfeefc20d46af38743bdac68e6 read=27389 ch=110 start_time=2020-02-10T19:36:31Z flow_cell_id=ACE547 protocol_group_id=barcode_test sample_id=barcodes_fish H+(3,11),h-(0,-1) w1 H+(3,11),h-(0,-1) w1_143.33589333709793	GCACCCTTTACCTCGTATTTGGTGCCTGAGCCGTATGGTGGAACATATGAAATCTTCTCATCGGCAGAATTCGTCAGCCCGGCGCACTTCTCGGTGATGATCAATTTATAACGTGATCGTCACAGCACACGCTTTCGTAATAATTTTCTTTATAGTAATGCCATAATAATCAGGGTTTGGAAACGACATCATAATAATCAGCGCCCTGATATAGCCTTTCCCCGCATAAATAACGCAGGCTTCTGACTTCTCCCCCCATCCTTCCTTCTTCTTTTAGCTTCCTCCGGGAGTAGAAGCTGGGGCCGGAACGGGATGAACAGTTTACCCCCTTTGCGAGGTAATCCTCGCCCGTACCCGAGGCACTCCGTTGATCTCACTATCTTCTCCTTCACATTTTAGCAGGGGATCTCATCAATTCTTGGAGCAATTAATTTATCACTACCATCATTAATATGAAACCACCCGCAATCTCACGGTACCAAACACCACTCTTTGTCAGGCAGTTCTCATTACAGCCATGCCTGTGTCTCTCTCCCCGTTTTGGCTGCTGGAATTATGCTGGCATTGAAACCTCAGCACTTCGTTTTGAAGCCTGCCGGAGGGACCAATCCTGTACCAACACTTGTTCT	,()20(,0.*67.;55++-1),<6;8661.67+/2*+2/2)0/+'%&#$'-*974,;:<($5'&+,#&$&(/()30)10*(3019?KFIE6B%7==7571/5*'#)$((-+)&,/.5;-);*++-0/*+,*#$3477872./0*3:=?BEE0)).)//-,*+&)88691-=%)1'.310*'/+'(,,114%&3+))&&9&8,,>??.5'%$%)04638<<;=/(&'+1//:=<'&%''(#$'$$'0:;912CHC?52/&&/-74/;?>@8<881&%+.=;142%:%11"-01))%'&/,**%%'%)')$$556569200:/35)(((('#)1(#$$')'&*#$/,'(//-&+(-/%)&(,.%-71>1796+&2)1'-356<@>*(.0&+)%&&/4/*'%#$&.**877*50+;0.,4(*-$*&$(,4/54438?133+*)(.0:BH@GGD;55/10*%01+110/798=>,8%$$*0($',,&(*34*',2-.,.),$)*)*1+/155.'*%#'*15**'%&&&&'13*4)<;2;54/9:,*'+2867;8>3-+/%,*'+$$$%##$&*),,+96&/-$$0&2.20+'&$%(*+.(%'--'*0$/25:..;46601++&'&(176>;=-	143.33589333709793	0.12129297069171403
237	b58cc38f-bda3-4e29-8af8-8df7bce08e58 runid=ed1de13037eb1bcfeefc20d46af38743bdac68e6 read=13891 ch=45 start_time=2020-02-10T17:32:15Z flow_cell_id=ACE547 protocol_group_id=barcode_test sample_id=barcodes_fish H-(2,8),h+(3,-1) w1 H-(2,8),h+(3,-1) w1_123.84289540273991	AGAATAGGTGTTGGTAGAGATGAGGTCACCCCTCCAGCAGGGTCAAAGAAAGGTTGTGTTTAGGTTGCGGTCTATTGAGTAACATTGTAATGCCAGCGGCTAAAGCAGGAAGGAAAGGAGAAGAAAGAACAGCGGTAGTAAATACAGCTCAAACAAATAGTGGGTTTGAGTACCGTAGTGACTGTAAGCTTCATGTTGATGATGGTAGTAATGAAGTTGATTGCCTAAGTGAAATTCCGGCAAGGTGGAGAGAGAGAAAGAATTGTAGAGTCTACGGATGCCCAGCGTGGTATGGGATTTCCAACTAATGGGGGGGTATACGGTTCACCTGTTCACCCGGCTTTAACACCTGAAGAGGCCAGAGAAGCAGAAAGGATGGGATAAGTCAGCTCATATTATTTATTGAGAAGAGAAATCATATCGAGGGGCCCCAATTATCAATGGGATAAGTCGAATTTCCAAATATCCAATCATAATTGGTATTACATAAGAAGATTATCCTGAGAGGCGTGTGCGGTGACGATTACATTATAAATTTGGTCGTCTCCAGGAGAGCCAGGTTGACTAGCTCTGCGAATGAGCAGACTTAGGCCCGTCCCACTAATCACGCTCAGGCACCAAATACGAGAGATAGAG	53,4676*><44+32('$69440:1.<.-,*(&'72.2200+'677''''$/:I7>@3(>9*/'/)*++9:99)*,($(*/-//..&%$$&'()&&#%.)*11-$''//%)*),43**0'+3,('',(&((.$$43.)-(%$+,--%&'+(*&/926892=4''#*)$&&+#$$$'(&*%$01*/+')24573))$$&'&*-''15-+*,+'(,%858805:--'-0*&8/+/B>B%',48;,08G@1+-1'%'(&)+''+'),54#%$75>7('2;7%%2''()-+3(+*()++0&*45*1*$&'02%%,&**++1,**&&+=.3212(-7(*$##"%&$$&%,$$1::**)+'(&99977/)-+)'+,1/0&G6--(*$%'&-/4&$/2<><B?>-,-)&$&'*,&&%%$%'&#'+/.++((233-2..-80039<A@5''18<8:6&10$)$/07&644'$$$$29439311(():-C?<<4.76;)),),/5@=((,&&($'$'-/65-9-,-136794HI3589178;682::63/&212-%4'-+(('&'$$%)8&)'))10=?C<;928@***400020--%'+))$%00;-%$%%$%(%$)8+6.1*)*)0624.-(($$/0.(()&%	123.84289540273991	0.13242537999628792
322	e535c3fc-79cd-445b-bcfd-b8db2d36e8e2 runid=ed1de13037eb1bcfeefc20d46af38743bdac68e6 read=31186 ch=17 start_time=2020-02-10T20:16:23Z flow_cell_id=ACE547 protocol_group_id=barcode_test sample_id=barcodes_fish H+(1,11),H-(3,11) w1 H+(1,11),H-(3,11) w1_101.617363578696	GCACCTTTATCTCGTATTTGGTGCCTGAGCCGGCATAGTCGGAACCTTAAGTCTTCTCATCGAGATAGAACTAAGTCAGCCCGGCGCACTTCTCGGTGATGATCAATTTATAACGTGATCGTCACAGCACGCGCTTTCGTAATAGTATAACTTTATAGTAATGCCGCTAATAATCGGTTTGAAACGACTTATCATAATAATCGGCGCCCCTGATATGGCCTTTCCCCGCGCAAATAACTTGAGCTTCTGACCTCTATCCTTCATTCTTCTTCCAACTTTCTCCGGGAGTAGAAGCTGGGGCCGGAACCAGGATGAACAGTTTACCCCCTTTGTGGTAGTCGCCCGTACCAGGGCCACTCCGTTGATCTCACTATCTTCTCGCTTCATTTGGCAGGATATGTCATTCTCTTGGAGCAGTAATTTTATCACTACCATCATTAATACTGAAACCACCGCAATCTCCACAGAGCAAACACCACCCTTTGTCTGAGCAGTTCTCATTGCATTAAATACTGCTATTGCTCTCTCCCCCGTTTTAGCTGCTGGAATTATGCCTACAACAGCCGAAACCTCAACACTTGTTTTTTGACCTGCCGGAGGGGCCAATCCTGTACCAACGCGTTCTGGTTCT	.++.+#(+);<1<+3+,/247<91.$%&(%'%541**+%3(4.5*(%$&&%,,+/+-/(-7)&%$#&%&'$&'*%,-&/<;516,,-/:<A>0?)877=876:=*(%)(+0<7337<;=8-1-)'',00.*&$%*.4+)45445%2%$%$"&'&*))4682'&$$$(&%%()..('-1?3',*&&&*222+%8$*-++-+/9(.$$522&01+((((...-11..,('&'(34/07,##$$#%$%+%#(*)*()$%&&/&)%').))-&&&#%%$$%'($')6%41#1-$$**18:6**'%$&$$*%*)?CB<:7*%%-&((&&&&&#%&$%$$(''%-+)***%%%&'$2+&#&*+9+0*?<;=9810()868<9C;98'+//39;;.*''')0'#$$#'&%','$'')'(&%-.)10+0853)-;/-'*/158=0:<,)%%""%(74-.&)))*0)885)*&&&&($0243977.*889*-3647./)*+/406=)1%#&$%&&'()%#%(-'#$*+02*.?560*D<5&129,+(11:*689:$(#(&&%%#*$#)%'&&--(26:640:7$*)&&(%''((('201.2350./(4+&$$#(467=952,.24)&&&)(/2&+?GC7<	101.617363578696	0.1638375985842832
371	0491f0aa-a5b7-40d5-b17d-f26e87323863 runid=ed1de13037eb1bcfeefc20d46af38743bdac68e6 read=26422 ch=51 start_time=2020-02-10T19:09:42Z flow_cell_id=ACE547 protocol_group_id=barcode_test sample_id=barcodes_fish h-(3),h+(2) w1 h-(3),h+(2) w1_84.95099044817144	TCAAAACACATGCTGGAGACTGCTGGATCACCGCCACCGGCGACACTCAAGAGCTGGTACCGAAGTGGATATCCATCAACATCGTGGTCGCAGCCGGCCAGCTCGGCATCACCGCAATCAGCAGAACGCGGTGTTGATCAGCAGTCCACGAACAGCGGCATCTTCATCAGTAGCTGTGCCGGGCGCACGGAGTTGAGGATGGTGGCGACTGCGTTGATCCGCTGCCAGTCGAACTGATGCCCATCAGGTGAATCGCGAAGATGAAGAACGTCACGCTTTTCCGGCGCATAGGTCGTGGAGAAGCGGCGCGTAGAGGTCAAAAGCCGAAATTCGGCCACCGCCTGGCGTGAACAGGTCGATACCAACAACAGATGCCGCCGGCAACAGCTGAAACTGAAGTTATTCATGTGTGGCAGGAGGTATGTCGGGCGCCGATCATTAGGGATCATCAGTTGGCCAGGCCGACAAATGCCGGCATCCGCATAAAACACCATGATCAGGCCGTGCGCGGTGGCGTTCATCTGGTTGAAGAACGCGGGTTCCTGAATTCACCAAGCCCGGTTGAACAACTCAAGCGCGAAGATCATAAAAGCAGCGAAGGGCCGCCCAGCAAGAACATGGTGAAGGATGACCGCAGATACATCGTCTCGATATCC	00&/,-*-))((&*,,&&$"$*/0170*,$&'%(*%&,$*&)#$$##%''$%&773+,+22,+(+2/975633740A3$9/,1%#&+)'$$'(+-$'$%%$##'$$%/7;575%(3228,&**3&*+,&.**'&'8*%9+&$$$&&%')*(,/00+).+/67>;=11,$%&&$$&%.*/*/35))'&%$0$4##*,45301./&)#%$*+%&*/44/,,;$"%####$23.,..,-(&)..*22:2.-+/00+9,+)%$&1/27,(*2103:+()*3543+(+4154/++,98<762*),$#,-.647561+*'&((,%''%'3-,+/$23+-02/$*).40%%0./0,'%)(*7;<3()*+0.&14$,,&%#"$)+/0'-+-&+,--/**1,*(+)+%&74+.2()($&#%+*+*)&&'$)(*,-%'(('''(#07%%(%%+;<<@'%7'+$(#%&&$')**+0--+'''11-169&&(%&##$&$&-/54''&%%4%*')(-78-(#&$*'5),*.%)-0/1*A6331,2-)+)$(2':'9,-2$749)'*)%'.0#%'7&*&),,$%$&%&++/-*+'%-*4$"(++'%&&(45,++*%0-'&'%+(,1*0544:89511)'%.&##,56.7:<<::9855++'(.1744447	84.95099044817144	0.16285009391165564
